atom_id,title,module,skill,mapping_basis,runtime_mentions,knowledge_maturity,evidence_maturity,validation_maturity,path
SAM-MEDIA-001,自媒体不是一个账号,01,samskill,module_scope_candidate,0,K5,E3,V2,modules/01_内容时代与一人媒体/SAM-MEDIA-001_自媒体不是一个账号.md
SAM-MEDIA-001,自媒体不是一个账号,01,sam-project-diagnosis,module_scope_candidate,0,K5,E3,V2,modules/01_内容时代与一人媒体/SAM-MEDIA-001_自媒体不是一个账号.md
SAM-MEDIA-002,“自”意味着谁拥有选择权,01,samskill,module_scope_candidate,0,K5,E3,V2,modules/01_内容时代与一人媒体/SAM-MEDIA-002_自意味着谁拥有选择权.md
SAM-MEDIA-002,“自”意味着谁拥有选择权,01,sam-project-diagnosis,module_scope_candidate,0,K5,E3,V2,modules/01_内容时代与一人媒体/SAM-MEDIA-002_自意味着谁拥有选择权.md
SAM-MEDIA-003,“媒体”意味着稳定编辑与分发,01,samskill,module_scope_candidate,0,K5,E3,V2,modules/01_内容时代与一人媒体/SAM-MEDIA-003_媒体意味着稳定编辑与分发.md
SAM-MEDIA-003,“媒体”意味着稳定编辑与分发,01,sam-project-diagnosis,module_scope_candidate,0,K5,E3,V2,modules/01_内容时代与一人媒体/SAM-MEDIA-003_媒体意味着稳定编辑与分发.md
SAM-MEDIA-004,发布权开放不等于注意力平等,01,samskill,module_scope_candidate,0,K5,E4,V2,modules/01_内容时代与一人媒体/SAM-MEDIA-004_发布权开放不等于注意力平等.md
SAM-MEDIA-004,发布权开放不等于注意力平等,01,sam-project-diagnosis,module_scope_candidate,0,K5,E4,V2,modules/01_内容时代与一人媒体/SAM-MEDIA-004_发布权开放不等于注意力平等.md
SAM-MEDIA-005,私人积累怎样变成公共证明,01,samskill,module_scope_candidate,0,K5,E4,V2,modules/01_内容时代与一人媒体/SAM-MEDIA-005_私人积累怎样变成公共证明.md
SAM-MEDIA-005,私人积累怎样变成公共证明,01,sam-project-diagnosis,module_scope_candidate,0,K5,E4,V2,modules/01_内容时代与一人媒体/SAM-MEDIA-005_私人积累怎样变成公共证明.md
SAM-MEDIA-006,本事、项目结果与市场认知的区别,01,samskill,module_scope_candidate,0,K5,E4,V2,modules/01_内容时代与一人媒体/SAM-MEDIA-006_本事项目结果与市场认知的区别.md
SAM-MEDIA-006,本事、项目结果与市场认知的区别,01,sam-project-diagnosis,module_scope_candidate,0,K5,E4,V2,modules/01_内容时代与一人媒体/SAM-MEDIA-006_本事项目结果与市场认知的区别.md
SAM-MEDIA-007,个人 IP 不是人设标签,01,samskill,module_scope_candidate,0,K5,E3,V2,modules/01_内容时代与一人媒体/SAM-MEDIA-007_个人IP不是人设标签.md
SAM-MEDIA-007,个人 IP 不是人设标签,01,sam-project-diagnosis,module_scope_candidate,0,K5,E3,V2,modules/01_内容时代与一人媒体/SAM-MEDIA-007_个人IP不是人设标签.md
SAM-MEDIA-008,品牌是别人对你的稳定预期,01,samskill,module_scope_candidate,0,K5,E4,V2,modules/01_内容时代与一人媒体/SAM-MEDIA-008_品牌是别人对你的稳定预期.md
SAM-MEDIA-008,品牌是别人对你的稳定预期,01,sam-project-diagnosis,module_scope_candidate,0,K5,E4,V2,modules/01_内容时代与一人媒体/SAM-MEDIA-008_品牌是别人对你的稳定预期.md
SAM-MEDIA-009,一人公司、超级个体与一人媒体的区别,01,samskill,module_scope_candidate,0,K5,E3,V1,modules/01_内容时代与一人媒体/SAM-MEDIA-009_一人公司超级个体与一人媒体的区别.md
SAM-MEDIA-009,一人公司、超级个体与一人媒体的区别,01,sam-project-diagnosis,module_scope_candidate,0,K5,E3,V1,modules/01_内容时代与一人媒体/SAM-MEDIA-009_一人公司超级个体与一人媒体的区别.md
SAM-MEDIA-010,哪些人不需要经营完整 IP,01,samskill,module_scope_candidate,0,K5,E3,V2,modules/01_内容时代与一人媒体/SAM-MEDIA-010_哪些人不需要经营完整IP.md
SAM-MEDIA-010,哪些人不需要经营完整 IP,01,sam-project-diagnosis,module_scope_candidate,0,K5,E3,V2,modules/01_内容时代与一人媒体/SAM-MEDIA-010_哪些人不需要经营完整IP.md
SAM-MEDIA-011,最小公共证明怎样建立,01,samskill,module_scope_candidate,0,K5,E4,V2,modules/01_内容时代与一人媒体/SAM-MEDIA-011_最小公共证明怎样建立.md
SAM-MEDIA-011,最小公共证明怎样建立,01,sam-project-diagnosis,module_scope_candidate,0,K5,E4,V2,modules/01_内容时代与一人媒体/SAM-MEDIA-011_最小公共证明怎样建立.md
SAM-MEDIA-012,影响力怎样连接关系、机会和交易,01,samskill,module_scope_candidate,0,K5,E4,V2,modules/01_内容时代与一人媒体/SAM-MEDIA-012_影响力怎样连接关系机会和交易.md
SAM-MEDIA-012,影响力怎样连接关系、机会和交易,01,sam-project-diagnosis,module_scope_candidate,0,K5,E4,V2,modules/01_内容时代与一人媒体/SAM-MEDIA-012_影响力怎样连接关系机会和交易.md
SAM-MKT-001,市场来自需求，不来自赛道名称,02,sam-business,explicit_runtime_reference,4,K5,E4,V2,modules/02_行业市场与商业环境/SAM-MKT-001_市场来自需求不来自赛道名称.md
SAM-MKT-001,市场来自需求，不来自赛道名称,02,sam-project-diagnosis,module_scope_candidate,0,K5,E4,V2,modules/02_行业市场与商业环境/SAM-MKT-001_市场来自需求不来自赛道名称.md
SAM-MKT-002,需求、欲望与支付意愿的区别,02,sam-business,explicit_runtime_reference,3,K5,E4,V2,modules/02_行业市场与商业环境/SAM-MKT-002_需求欲望与支付意愿的区别.md
SAM-MKT-002,需求、欲望与支付意愿的区别,02,sam-project-diagnosis,module_scope_candidate,0,K5,E4,V2,modules/02_行业市场与商业环境/SAM-MKT-002_需求欲望与支付意愿的区别.md
SAM-MKT-003,行业、赛道、品类与平台的区别,02,sam-business,explicit_runtime_reference,3,K5,E4,V2,modules/02_行业市场与商业环境/SAM-MKT-003_行业赛道品类与平台的区别.md
SAM-MKT-003,行业、赛道、品类与平台的区别,02,sam-project-diagnosis,module_scope_candidate,0,K5,E4,V2,modules/02_行业市场与商业环境/SAM-MKT-003_行业赛道品类与平台的区别.md
SAM-MKT-004,市场规模不等于个人机会,02,sam-business,explicit_runtime_reference,4,K5,E4,V2,modules/02_行业市场与商业环境/SAM-MKT-004_市场规模不等于个人机会.md
SAM-MKT-004,市场规模不等于个人机会,02,sam-project-diagnosis,module_scope_candidate,0,K5,E4,V2,modules/02_行业市场与商业环境/SAM-MKT-004_市场规模不等于个人机会.md
SAM-MKT-005,行业阶段怎样改变内容任务,02,sam-business,explicit_runtime_reference,3,K5,E4,V1,modules/02_行业市场与商业环境/SAM-MKT-005_行业阶段怎样改变内容任务.md
SAM-MKT-005,行业阶段怎样改变内容任务,02,sam-project-diagnosis,module_scope_candidate,0,K5,E4,V1,modules/02_行业市场与商业环境/SAM-MKT-005_行业阶段怎样改变内容任务.md
SAM-MKT-006,供需关系怎样影响获客成本,02,sam-business,explicit_runtime_reference,4,K5,E4,V2,modules/02_行业市场与商业环境/SAM-MKT-006_供需关系怎样影响获客成本.md
SAM-MKT-006,供需关系怎样影响获客成本,02,sam-project-diagnosis,module_scope_candidate,0,K5,E4,V2,modules/02_行业市场与商业环境/SAM-MKT-006_供需关系怎样影响获客成本.md
SAM-MKT-007,商业模式怎样分配成本、收益和风险,02,sam-business,explicit_runtime_reference,5,K5,E4,V2,modules/02_行业市场与商业环境/SAM-MKT-007_商业模式怎样分配成本收益和风险.md
SAM-MKT-007,商业模式怎样分配成本、收益和风险,02,sam-project-diagnosis,module_scope_candidate,0,K5,E4,V2,modules/02_行业市场与商业环境/SAM-MKT-007_商业模式怎样分配成本收益和风险.md
SAM-MKT-008,趋势、窗口、周期与热点的区别,02,sam-business,explicit_runtime_reference,5,K5,E4,V1,modules/02_行业市场与商业环境/SAM-MKT-008_趋势窗口周期与热点的区别.md
SAM-MKT-008,趋势、窗口、周期与热点的区别,02,sam-project-diagnosis,module_scope_candidate,0,K5,E4,V1,modules/02_行业市场与商业环境/SAM-MKT-008_趋势窗口周期与热点的区别.md
SAM-MKT-009,赛道选择怎样影响粉丝质量与变现上限,02,sam-business,explicit_runtime_reference,4,K5,E4,V2,modules/02_行业市场与商业环境/SAM-MKT-009_赛道选择怎样影响粉丝质量与变现上限.md
SAM-MKT-009,赛道选择怎样影响粉丝质量与变现上限,02,sam-project-diagnosis,module_scope_candidate,0,K5,E4,V2,modules/02_行业市场与商业环境/SAM-MKT-009_赛道选择怎样影响粉丝质量与变现上限.md
SAM-MKT-010,广告 IP 与线索 IP 的商业差异,02,sam-business,explicit_runtime_reference,3,K5,E4,V3,modules/02_行业市场与商业环境/SAM-MKT-010_广告IP与线索IP的商业差异.md
SAM-MKT-010,广告 IP 与线索 IP 的商业差异,02,sam-project-diagnosis,module_scope_candidate,0,K5,E4,V3,modules/02_行业市场与商业环境/SAM-MKT-010_广告IP与线索IP的商业差异.md
SAM-MKT-011,线上增长怎样连接原有线下业务,02,sam-business,explicit_runtime_reference,5,K5,E4,V3,modules/02_行业市场与商业环境/SAM-MKT-011_线上增长怎样连接原有线下业务.md
SAM-MKT-011,线上增长怎样连接原有线下业务,02,sam-project-diagnosis,module_scope_candidate,0,K5,E4,V3,modules/02_行业市场与商业环境/SAM-MKT-011_线上增长怎样连接原有线下业务.md
SAM-MKT-012,行业研究的最小输出是什么,02,sam-business,explicit_runtime_reference,4,K5,E4,V1,modules/02_行业市场与商业环境/SAM-MKT-012_行业研究的最小输出是什么.md
SAM-MKT-012,行业研究的最小输出是什么,02,sam-project-diagnosis,module_scope_candidate,0,K5,E4,V1,modules/02_行业市场与商业环境/SAM-MKT-012_行业研究的最小输出是什么.md
SAM-ASSET-001,经历不等于资产,03,sam-project-diagnosis,module_scope_candidate,0,K5,E4,V2,modules/03_个人资产与项目起点/SAM-ASSET-001_经历不等于资产.md
SAM-ASSET-001,经历不等于资产,03,sam-assets,module_scope_candidate,0,K5,E4,V2,modules/03_个人资产与项目起点/SAM-ASSET-001_经历不等于资产.md
SAM-ASSET-002,能力必须由什么结果证明,03,sam-project-diagnosis,module_scope_candidate,0,K5,E4,V2,modules/03_个人资产与项目起点/SAM-ASSET-002_能力必须由什么结果证明.md
SAM-ASSET-002,能力必须由什么结果证明,03,sam-assets,module_scope_candidate,0,K5,E4,V2,modules/03_个人资产与项目起点/SAM-ASSET-002_能力必须由什么结果证明.md
SAM-ASSET-003,特定知识怎样被识别,03,sam-project-diagnosis,module_scope_candidate,0,K5,E3,V1,modules/03_个人资产与项目起点/SAM-ASSET-003_特定知识怎样被识别.md
SAM-ASSET-003,特定知识怎样被识别,03,sam-assets,module_scope_candidate,0,K5,E3,V1,modules/03_个人资产与项目起点/SAM-ASSET-003_特定知识怎样被识别.md
SAM-ASSET-004,资源、关系与能力不能混用,03,sam-project-diagnosis,module_scope_candidate,0,K5,E4,V2,modules/03_个人资产与项目起点/SAM-ASSET-004_资源关系与能力不能混用.md
SAM-ASSET-004,资源、关系与能力不能混用,03,sam-assets,module_scope_candidate,0,K5,E4,V2,modules/03_个人资产与项目起点/SAM-ASSET-004_资源关系与能力不能混用.md
SAM-ASSET-005,兴趣什么时候能进入项目,03,sam-project-diagnosis,module_scope_candidate,0,K5,E3,V1,modules/03_个人资产与项目起点/SAM-ASSET-005_兴趣什么时候能进入项目.md
SAM-ASSET-005,兴趣什么时候能进入项目,03,sam-assets,module_scope_candidate,0,K5,E3,V1,modules/03_个人资产与项目起点/SAM-ASSET-005_兴趣什么时候能进入项目.md
SAM-ASSET-006,个人经历怎样完成归因,03,sam-project-diagnosis,module_scope_candidate,0,K5,E4,V2,modules/03_个人资产与项目起点/SAM-ASSET-006_个人经历怎样完成归因.md
SAM-ASSET-006,个人经历怎样完成归因,03,sam-assets,module_scope_candidate,0,K5,E4,V2,modules/03_个人资产与项目起点/SAM-ASSET-006_个人经历怎样完成归因.md
SAM-ASSET-007,被埋没的能力怎样接受市场验证,03,sam-project-diagnosis,module_scope_candidate,0,K5,E4,V2,modules/03_个人资产与项目起点/SAM-ASSET-007_被埋没的能力怎样接受市场验证.md
SAM-ASSET-007,被埋没的能力怎样接受市场验证,03,sam-assets,module_scope_candidate,0,K5,E4,V2,modules/03_个人资产与项目起点/SAM-ASSET-007_被埋没的能力怎样接受市场验证.md
SAM-ASSET-008,项目起点先看现实任务,03,sam-project-diagnosis,module_scope_candidate,0,K5,E4,V2,modules/03_个人资产与项目起点/SAM-ASSET-008_项目起点先看现实任务.md
SAM-ASSET-008,项目起点先看现实任务,03,sam-assets,module_scope_candidate,0,K5,E4,V2,modules/03_个人资产与项目起点/SAM-ASSET-008_项目起点先看现实任务.md
SAM-ASSET-009,新用户阶段诊断,03,sam-project-diagnosis,module_scope_candidate,0,K5,E4,V2,modules/03_个人资产与项目起点/SAM-ASSET-009_新用户阶段诊断.md
SAM-ASSET-009,新用户阶段诊断,03,sam-assets,module_scope_candidate,0,K5,E4,V2,modules/03_个人资产与项目起点/SAM-ASSET-009_新用户阶段诊断.md
SAM-ASSET-010,个人资产清单的证据等级,03,sam-project-diagnosis,module_scope_candidate,0,K5,E4,V1,modules/03_个人资产与项目起点/SAM-ASSET-010_个人资产清单的证据等级.md
SAM-ASSET-010,个人资产清单的证据等级,03,sam-assets,module_scope_candidate,0,K5,E4,V1,modules/03_个人资产与项目起点/SAM-ASSET-010_个人资产清单的证据等级.md
SAM-ASSET-011,没有案例时怎样建立第一份证明,03,sam-project-diagnosis,module_scope_candidate,0,K5,E4,V2,modules/03_个人资产与项目起点/SAM-ASSET-011_没有案例时怎样建立第一份证明.md
SAM-ASSET-011,没有案例时怎样建立第一份证明,03,sam-assets,module_scope_candidate,0,K5,E4,V2,modules/03_个人资产与项目起点/SAM-ASSET-011_没有案例时怎样建立第一份证明.md
SAM-ASSET-012,哪些能力不适合立刻产品化,03,sam-project-diagnosis,module_scope_candidate,0,K5,E4,V2,modules/03_个人资产与项目起点/SAM-ASSET-012_哪些能力不适合立刻产品化.md
SAM-ASSET-012,哪些能力不适合立刻产品化,03,sam-assets,module_scope_candidate,0,K5,E4,V2,modules/03_个人资产与项目起点/SAM-ASSET-012_哪些能力不适合立刻产品化.md
SAM-OFFER-001,产品是对什么结果的承诺,04,sam-product,explicit_runtime_reference,2,K5,E4,V2,modules/04_产品、价值与变现/SAM-OFFER-001_产品是对什么结果的承诺.md
SAM-OFFER-001,产品是对什么结果的承诺,04,sam-project-diagnosis,module_scope_candidate,0,K5,E4,V2,modules/04_产品、价值与变现/SAM-OFFER-001_产品是对什么结果的承诺.md
SAM-OFFER-001,产品是对什么结果的承诺,04,sam-relationship,module_scope_candidate,0,K5,E4,V2,modules/04_产品、价值与变现/SAM-OFFER-001_产品是对什么结果的承诺.md
SAM-OFFER-002,用户为什么愿意交换钱和时间,04,sam-product,explicit_runtime_reference,3,K5,E4,V1,modules/04_产品、价值与变现/SAM-OFFER-002_用户为什么愿意交换钱和时间.md
SAM-OFFER-002,用户为什么愿意交换钱和时间,04,sam-project-diagnosis,module_scope_candidate,0,K5,E4,V1,modules/04_产品、价值与变现/SAM-OFFER-002_用户为什么愿意交换钱和时间.md
SAM-OFFER-002,用户为什么愿意交换钱和时间,04,sam-relationship,module_scope_candidate,0,K5,E4,V1,modules/04_产品、价值与变现/SAM-OFFER-002_用户为什么愿意交换钱和时间.md
SAM-OFFER-003,能力怎样被打包成产品,04,sam-product,explicit_runtime_reference,3,K5,E4,V2,modules/04_产品、价值与变现/SAM-OFFER-003_能力怎样被打包成产品.md
SAM-OFFER-003,能力怎样被打包成产品,04,sam-project-diagnosis,module_scope_candidate,0,K5,E4,V2,modules/04_产品、价值与变现/SAM-OFFER-003_能力怎样被打包成产品.md
SAM-OFFER-003,能力怎样被打包成产品,04,sam-relationship,module_scope_candidate,0,K5,E4,V2,modules/04_产品、价值与变现/SAM-OFFER-003_能力怎样被打包成产品.md
SAM-OFFER-004,产品人群与场景必须同时定义,04,sam-product,explicit_runtime_reference,3,K5,E4,V1,modules/04_产品、价值与变现/SAM-OFFER-004_产品人群与场景必须同时定义.md
SAM-OFFER-004,产品人群与场景必须同时定义,04,sam-project-diagnosis,module_scope_candidate,0,K5,E4,V1,modules/04_产品、价值与变现/SAM-OFFER-004_产品人群与场景必须同时定义.md
SAM-OFFER-004,产品人群与场景必须同时定义,04,sam-relationship,module_scope_candidate,0,K5,E4,V1,modules/04_产品、价值与变现/SAM-OFFER-004_产品人群与场景必须同时定义.md
SAM-OFFER-005,价值不是信息数量,04,sam-product,explicit_runtime_reference,3,K5,E4,V2,modules/04_产品、价值与变现/SAM-OFFER-005_价值不是信息数量.md
SAM-OFFER-005,价值不是信息数量,04,sam-project-diagnosis,module_scope_candidate,0,K5,E4,V2,modules/04_产品、价值与变现/SAM-OFFER-005_价值不是信息数量.md
SAM-OFFER-005,价值不是信息数量,04,sam-relationship,module_scope_candidate,0,K5,E4,V2,modules/04_产品、价值与变现/SAM-OFFER-005_价值不是信息数量.md
SAM-OFFER-006,价格成本与价值感的区别,04,sam-product,explicit_runtime_reference,3,K5,E4,V1,modules/04_产品、价值与变现/SAM-OFFER-006_价格成本与价值感的区别.md
SAM-OFFER-006,价格成本与价值感的区别,04,sam-project-diagnosis,module_scope_candidate,0,K5,E4,V1,modules/04_产品、价值与变现/SAM-OFFER-006_价格成本与价值感的区别.md
SAM-OFFER-006,价格成本与价值感的区别,04,sam-relationship,module_scope_candidate,0,K5,E4,V1,modules/04_产品、价值与变现/SAM-OFFER-006_价格成本与价值感的区别.md
SAM-OFFER-007,免费低价与高价分别承担什么任务,04,sam-product,explicit_runtime_reference,3,K5,E3,V1,modules/04_产品、价值与变现/SAM-OFFER-007_免费低价与高价分别承担什么任务.md
SAM-OFFER-007,免费低价与高价分别承担什么任务,04,sam-project-diagnosis,module_scope_candidate,0,K5,E3,V1,modules/04_产品、价值与变现/SAM-OFFER-007_免费低价与高价分别承担什么任务.md
SAM-OFFER-007,免费低价与高价分别承担什么任务,04,sam-relationship,module_scope_candidate,0,K5,E3,V1,modules/04_产品、价值与变现/SAM-OFFER-007_免费低价与高价分别承担什么任务.md
SAM-OFFER-008,产品阶梯怎样连接第一次交易与长期关系,04,sam-product,explicit_runtime_reference,4,K5,E3,V1,modules/04_产品、价值与变现/SAM-OFFER-008_产品阶梯怎样连接第一次交易与长期关系.md
SAM-OFFER-008,产品阶梯怎样连接第一次交易与长期关系,04,sam-project-diagnosis,module_scope_candidate,0,K5,E3,V1,modules/04_产品、价值与变现/SAM-OFFER-008_产品阶梯怎样连接第一次交易与长期关系.md
SAM-OFFER-008,产品阶梯怎样连接第一次交易与长期关系,04,sam-relationship,module_scope_candidate,0,K5,E3,V1,modules/04_产品、价值与变现/SAM-OFFER-008_产品阶梯怎样连接第一次交易与长期关系.md
SAM-OFFER-009,交付能力决定承诺上限,04,sam-product,explicit_runtime_reference,4,K5,E4,V3,modules/04_产品、价值与变现/SAM-OFFER-009_交付能力决定承诺上限.md
SAM-OFFER-009,交付能力决定承诺上限,04,sam-project-diagnosis,module_scope_candidate,0,K5,E4,V3,modules/04_产品、价值与变现/SAM-OFFER-009_交付能力决定承诺上限.md
SAM-OFFER-009,交付能力决定承诺上限,04,sam-relationship,module_scope_candidate,0,K5,E4,V3,modules/04_产品、价值与变现/SAM-OFFER-009_交付能力决定承诺上限.md
SAM-OFFER-010,知识库社群与线下课的产品边界,04,sam-product,explicit_runtime_reference,3,K5,E4,V2,modules/04_产品、价值与变现/SAM-OFFER-010_知识库社群与线下课的产品边界.md
SAM-OFFER-010,知识库社群与线下课的产品边界,04,sam-project-diagnosis,module_scope_candidate,0,K5,E4,V2,modules/04_产品、价值与变现/SAM-OFFER-010_知识库社群与线下课的产品边界.md
SAM-OFFER-010,知识库社群与线下课的产品边界,04,sam-relationship,module_scope_candidate,0,K5,E4,V2,modules/04_产品、价值与变现/SAM-OFFER-010_知识库社群与线下课的产品边界.md
SAM-OFFER-011,知识付费逻辑怎样迁移到其他业务,04,sam-product,explicit_runtime_reference,3,K5,E4,V2,modules/04_产品、价值与变现/SAM-OFFER-011_知识付费逻辑怎样迁移到其他业务.md
SAM-OFFER-011,知识付费逻辑怎样迁移到其他业务,04,sam-project-diagnosis,module_scope_candidate,0,K5,E4,V2,modules/04_产品、价值与变现/SAM-OFFER-011_知识付费逻辑怎样迁移到其他业务.md
SAM-OFFER-011,知识付费逻辑怎样迁移到其他业务,04,sam-relationship,module_scope_candidate,0,K5,E4,V2,modules/04_产品、价值与变现/SAM-OFFER-011_知识付费逻辑怎样迁移到其他业务.md
SAM-OFFER-012,产品验证的最小证据,04,sam-product,explicit_runtime_reference,3,K5,E4,V2,modules/04_产品、价值与变现/SAM-OFFER-012_产品验证的最小证据.md
SAM-OFFER-012,产品验证的最小证据,04,sam-project-diagnosis,module_scope_candidate,0,K5,E4,V2,modules/04_产品、价值与变现/SAM-OFFER-012_产品验证的最小证据.md
SAM-OFFER-012,产品验证的最小证据,04,sam-relationship,module_scope_candidate,0,K5,E4,V2,modules/04_产品、价值与变现/SAM-OFFER-012_产品验证的最小证据.md
SAM-USER-001,用户不是人口标签,05,sam-position,explicit_runtime_reference,3,K5,E4,V2,modules/05_用户、需求与决策/SAM-USER-001_用户不是人口标签.md
SAM-USER-001,用户不是人口标签,05,sam-project-diagnosis,module_scope_candidate,0,K5,E4,V2,modules/05_用户、需求与决策/SAM-USER-001_用户不是人口标签.md
SAM-USER-002,处境比身份更接近决策,05,sam-position,explicit_runtime_reference,3,K5,E4,V1,modules/05_用户、需求与决策/SAM-USER-002_处境比身份更接近决策.md
SAM-USER-002,处境比身份更接近决策,05,sam-project-diagnosis,module_scope_candidate,0,K5,E4,V1,modules/05_用户、需求与决策/SAM-USER-002_处境比身份更接近决策.md
SAM-USER-003,用户任务的三层结构,05,sam-position,explicit_runtime_reference,3,K5,E4,V2,modules/05_用户、需求与决策/SAM-USER-003_用户任务的三层结构.md
SAM-USER-003,用户任务的三层结构,05,sam-project-diagnosis,module_scope_candidate,0,K5,E4,V2,modules/05_用户、需求与决策/SAM-USER-003_用户任务的三层结构.md
SAM-USER-004,表面需求与真实任务的区别,05,sam-position,explicit_runtime_reference,3,K5,E4,V2,modules/05_用户、需求与决策/SAM-USER-004_表面需求与真实任务的区别.md
SAM-USER-004,表面需求与真实任务的区别,05,sam-project-diagnosis,module_scope_candidate,0,K5,E4,V2,modules/05_用户、需求与决策/SAM-USER-004_表面需求与真实任务的区别.md
SAM-USER-005,欲望怎样形成市场,05,sam-position,explicit_runtime_reference,3,K5,E4,V1,modules/05_用户、需求与决策/SAM-USER-005_欲望怎样形成市场.md
SAM-USER-005,欲望怎样形成市场,05,sam-project-diagnosis,module_scope_candidate,0,K5,E4,V1,modules/05_用户、需求与决策/SAM-USER-005_欲望怎样形成市场.md
SAM-USER-006,痛点不是问题本身,05,sam-position,explicit_runtime_reference,3,K5,E4,V2,modules/05_用户、需求与决策/SAM-USER-006_痛点不是问题本身.md
SAM-USER-006,痛点不是问题本身,05,sam-project-diagnosis,module_scope_candidate,0,K5,E4,V2,modules/05_用户、需求与决策/SAM-USER-006_痛点不是问题本身.md
SAM-USER-007,风险怎样阻碍第一次行动,05,sam-position,explicit_runtime_reference,3,K5,E4,V2,modules/05_用户、需求与决策/SAM-USER-007_风险怎样阻碍第一次行动.md
SAM-USER-007,风险怎样阻碍第一次行动,05,sam-project-diagnosis,module_scope_candidate,0,K5,E4,V2,modules/05_用户、需求与决策/SAM-USER-007_风险怎样阻碍第一次行动.md
SAM-USER-008,身份认同怎样影响内容选择,05,sam-position,explicit_runtime_reference,3,K5,E4,V1,modules/05_用户、需求与决策/SAM-USER-008_身份认同怎样影响内容选择.md
SAM-USER-008,身份认同怎样影响内容选择,05,sam-project-diagnosis,module_scope_candidate,0,K5,E4,V1,modules/05_用户、需求与决策/SAM-USER-008_身份认同怎样影响内容选择.md
SAM-USER-009,社会位置怎样改变同一需求,05,sam-position,explicit_runtime_reference,3,K5,E4,V1,modules/05_用户、需求与决策/SAM-USER-009_社会位置怎样改变同一需求.md
SAM-USER-009,社会位置怎样改变同一需求,05,sam-project-diagnosis,module_scope_candidate,0,K5,E4,V1,modules/05_用户、需求与决策/SAM-USER-009_社会位置怎样改变同一需求.md
SAM-USER-010,用户认知阶段怎样影响表达,05,sam-position,explicit_runtime_reference,3,K5,E3,V2,modules/05_用户、需求与决策/SAM-USER-010_用户认知阶段怎样影响表达.md
SAM-USER-010,用户认知阶段怎样影响表达,05,sam-project-diagnosis,module_scope_candidate,0,K5,E3,V2,modules/05_用户、需求与决策/SAM-USER-010_用户认知阶段怎样影响表达.md
SAM-USER-011,评论搜索与咨询怎样互相补证,05,sam-position,explicit_runtime_reference,3,K5,E4,V2,modules/05_用户、需求与决策/SAM-USER-011_评论搜索与咨询怎样互相补证.md
SAM-USER-011,评论搜索与咨询怎样互相补证,05,sam-project-diagnosis,module_scope_candidate,0,K5,E4,V2,modules/05_用户、需求与决策/SAM-USER-011_评论搜索与咨询怎样互相补证.md
SAM-USER-012,用户假设怎样前向验证,05,sam-position,explicit_runtime_reference,3,K5,E4,V2,modules/05_用户、需求与决策/SAM-USER-012_用户假设怎样前向验证.md
SAM-USER-012,用户假设怎样前向验证,05,sam-project-diagnosis,module_scope_candidate,0,K5,E4,V2,modules/05_用户、需求与决策/SAM-USER-012_用户假设怎样前向验证.md
SAM-POS-001,定位不是一句简介,06,sam-position,explicit_runtime_reference,2,K5,E4,V2,modules/06_定位公共角色与账号承诺/SAM-POS-001_定位不是一句简介.md
SAM-POS-001,定位不是一句简介,06,sam-strategy,explicit_runtime_reference,2,K5,E4,V2,modules/06_定位公共角色与账号承诺/SAM-POS-001_定位不是一句简介.md
SAM-POS-002,定位同时约束人群、问题、角色和结果,06,sam-position,explicit_runtime_reference,1,K5,E4,V2,modules/06_定位公共角色与账号承诺/SAM-POS-002_定位同时约束人群问题角色和结果.md
SAM-POS-002,定位同时约束人群、问题、角色和结果,06,sam-strategy,explicit_runtime_reference,1,K5,E4,V2,modules/06_定位公共角色与账号承诺/SAM-POS-002_定位同时约束人群问题角色和结果.md
SAM-POS-003,公共角色来自真实能力与用户任务,06,sam-position,explicit_runtime_reference,1,K5,E4,V2,modules/06_定位公共角色与账号承诺/SAM-POS-003_公共角色来自真实能力与用户任务.md
SAM-POS-003,公共角色来自真实能力与用户任务,06,sam-strategy,explicit_runtime_reference,1,K5,E4,V2,modules/06_定位公共角色与账号承诺/SAM-POS-003_公共角色来自真实能力与用户任务.md
SAM-POS-004,人设不是伪装，而是公共信息选择,06,sam-position,explicit_runtime_reference,2,K5,E4,V2,modules/06_定位公共角色与账号承诺/SAM-POS-004_人设不是伪装而是公共信息选择.md
SAM-POS-004,人设不是伪装，而是公共信息选择,06,sam-strategy,explicit_runtime_reference,2,K5,E4,V2,modules/06_定位公共角色与账号承诺/SAM-POS-004_人设不是伪装而是公共信息选择.md
SAM-POS-005,立场与价值观怎样筛选关系,06,sam-position,explicit_runtime_reference,2,K5,E4,V2,modules/06_定位公共角色与账号承诺/SAM-POS-005_立场与价值观怎样筛选关系.md
SAM-POS-005,立场与价值观怎样筛选关系,06,sam-strategy,explicit_runtime_reference,2,K5,E4,V2,modules/06_定位公共角色与账号承诺/SAM-POS-005_立场与价值观怎样筛选关系.md
SAM-POS-006,赛道与行业怎样限制商业上限,06,sam-position,explicit_runtime_reference,1,K5,E4,V2,modules/06_定位公共角色与账号承诺/SAM-POS-006_赛道与行业怎样限制商业上限.md
SAM-POS-006,赛道与行业怎样限制商业上限,06,sam-strategy,explicit_runtime_reference,1,K5,E4,V2,modules/06_定位公共角色与账号承诺/SAM-POS-006_赛道与行业怎样限制商业上限.md
SAM-POS-007,账号承诺怎样形成稳定预期,06,sam-position,explicit_runtime_reference,1,K5,E4,V2,modules/06_定位公共角色与账号承诺/SAM-POS-007_账号承诺怎样形成稳定预期.md
SAM-POS-007,账号承诺怎样形成稳定预期,06,sam-strategy,explicit_runtime_reference,1,K5,E4,V2,modules/06_定位公共角色与账号承诺/SAM-POS-007_账号承诺怎样形成稳定预期.md
SAM-POS-008,差异化不是换一个标签,06,sam-position,explicit_runtime_reference,2,K5,E4,V2,modules/06_定位公共角色与账号承诺/SAM-POS-008_差异化不是换一个标签.md
SAM-POS-008,差异化不是换一个标签,06,sam-strategy,explicit_runtime_reference,2,K5,E4,V2,modules/06_定位公共角色与账号承诺/SAM-POS-008_差异化不是换一个标签.md
SAM-POS-009,专家 IP、商业 IP 与生活方式 IP 的区别,06,sam-position,module_scope_candidate,0,K5,E4,V2,modules/06_定位公共角色与账号承诺/SAM-POS-009_专家IP商业IP与生活方式IP的区别.md
SAM-POS-009,专家 IP、商业 IP 与生活方式 IP 的区别,06,sam-strategy,module_scope_candidate,0,K5,E4,V2,modules/06_定位公共角色与账号承诺/SAM-POS-009_专家IP商业IP与生活方式IP的区别.md
SAM-POS-010,一人媒体定位的五项检验,06,sam-position,explicit_runtime_reference,3,K5,E4,V2,modules/06_定位公共角色与账号承诺/SAM-POS-010_一人媒体定位的五项检验.md
SAM-POS-010,一人媒体定位的五项检验,06,sam-strategy,explicit_runtime_reference,3,K5,E4,V2,modules/06_定位公共角色与账号承诺/SAM-POS-010_一人媒体定位的五项检验.md
SAM-POS-011,定位什么时候需要调整,06,sam-position,explicit_runtime_reference,1,K5,E4,V2,modules/06_定位公共角色与账号承诺/SAM-POS-011_定位什么时候需要调整.md
SAM-POS-011,定位什么时候需要调整,06,sam-strategy,explicit_runtime_reference,1,K5,E4,V2,modules/06_定位公共角色与账号承诺/SAM-POS-011_定位什么时候需要调整.md
SAM-POS-012,定位文档的标准输出,06,sam-position,explicit_runtime_reference,3,K5,E4,V2,modules/06_定位公共角色与账号承诺/SAM-POS-012_定位文档的标准输出.md
SAM-POS-012,定位文档的标准输出,06,sam-strategy,explicit_runtime_reference,3,K5,E4,V2,modules/06_定位公共角色与账号承诺/SAM-POS-012_定位文档的标准输出.md
SAM-PLAT-001,平台是分发环境，不是中立工具,07,sam-operations,explicit_runtime_reference,1,K5,E4,V2,modules/07_平台分发与账号基础/SAM-PLAT-001_平台是分发环境不是中立工具.md
SAM-PLAT-001,平台是分发环境，不是中立工具,07,sam-retro,module_scope_candidate,0,K5,E4,V2,modules/07_平台分发与账号基础/SAM-PLAT-001_平台是分发环境不是中立工具.md
SAM-PLAT-002,推荐、搜索、关注和社交分发的区别,07,sam-operations,explicit_runtime_reference,2,K5,E4,V2,modules/07_平台分发与账号基础/SAM-PLAT-002_推荐搜索关注和社交分发的区别.md
SAM-PLAT-002,推荐、搜索、关注和社交分发的区别,07,sam-retro,module_scope_candidate,0,K5,E4,V2,modules/07_平台分发与账号基础/SAM-PLAT-002_推荐搜索关注和社交分发的区别.md
SAM-PLAT-003,用户为什么在不同平台消费不同内容,07,sam-operations,explicit_runtime_reference,1,K5,E4,V2,modules/07_平台分发与账号基础/SAM-PLAT-003_用户为什么在不同平台消费不同内容.md
SAM-PLAT-003,用户为什么在不同平台消费不同内容,07,sam-retro,module_scope_candidate,0,K5,E4,V2,modules/07_平台分发与账号基础/SAM-PLAT-003_用户为什么在不同平台消费不同内容.md
SAM-PLAT-004,平台选择怎样匹配业务结果,07,sam-operations,explicit_runtime_reference,1,K5,E4,V2,modules/07_平台分发与账号基础/SAM-PLAT-004_平台选择怎样匹配业务结果.md
SAM-PLAT-004,平台选择怎样匹配业务结果,07,sam-retro,module_scope_candidate,0,K5,E4,V2,modules/07_平台分发与账号基础/SAM-PLAT-004_平台选择怎样匹配业务结果.md
SAM-PLAT-005,账号基础设置的真实作用,07,sam-operations,explicit_runtime_reference,1,K5,E4,V2,modules/07_平台分发与账号基础/SAM-PLAT-005_账号基础设置的真实作用.md
SAM-PLAT-005,账号基础设置的真实作用,07,sam-retro,module_scope_candidate,0,K5,E4,V2,modules/07_平台分发与账号基础/SAM-PLAT-005_账号基础设置的真实作用.md
SAM-PLAT-006,冷启动期怎样建立数据基线,07,sam-operations,explicit_runtime_reference,2,K5,E4,V2,modules/07_平台分发与账号基础/SAM-PLAT-006_冷启动期怎样建立数据基线.md
SAM-PLAT-006,冷启动期怎样建立数据基线,07,sam-retro,module_scope_candidate,0,K5,E4,V2,modules/07_平台分发与账号基础/SAM-PLAT-006_冷启动期怎样建立数据基线.md
SAM-PLAT-007,平台指标的官方定义与误读,07,sam-operations,explicit_runtime_reference,3,K5,E4,V2,modules/07_平台分发与账号基础/SAM-PLAT-007_平台指标的官方定义与误读.md
SAM-PLAT-007,平台指标的官方定义与误读,07,sam-retro,module_scope_candidate,0,K5,E4,V2,modules/07_平台分发与账号基础/SAM-PLAT-007_平台指标的官方定义与误读.md
SAM-PLAT-008,自然流与投流的边界,07,sam-operations,explicit_runtime_reference,2,K5,E4,V2,modules/07_平台分发与账号基础/SAM-PLAT-008_自然流与投流的边界.md
SAM-PLAT-008,自然流与投流的边界,07,sam-retro,module_scope_candidate,0,K5,E4,V2,modules/07_平台分发与账号基础/SAM-PLAT-008_自然流与投流的边界.md
SAM-PLAT-009,跨平台分发何时有效,07,sam-operations,explicit_runtime_reference,1,K5,E4,V2,modules/07_平台分发与账号基础/SAM-PLAT-009_跨平台分发何时有效.md
SAM-PLAT-009,跨平台分发何时有效,07,sam-retro,module_scope_candidate,0,K5,E4,V2,modules/07_平台分发与账号基础/SAM-PLAT-009_跨平台分发何时有效.md
SAM-PLAT-010,平台规则怎样做时效管理,07,sam-operations,explicit_runtime_reference,2,K5,E4,V2,modules/07_平台分发与账号基础/SAM-PLAT-010_平台规则怎样做时效管理.md
SAM-PLAT-010,平台规则怎样做时效管理,07,sam-retro,module_scope_candidate,0,K5,E4,V2,modules/07_平台分发与账号基础/SAM-PLAT-010_平台规则怎样做时效管理.md
SAM-PLAT-011,合规引流与行动入口,07,sam-operations,explicit_runtime_reference,2,K5,E4,V2,modules/07_平台分发与账号基础/SAM-PLAT-011_合规引流与行动入口.md
SAM-PLAT-011,合规引流与行动入口,07,sam-retro,module_scope_candidate,0,K5,E4,V2,modules/07_平台分发与账号基础/SAM-PLAT-011_合规引流与行动入口.md
SAM-PLAT-012,平台异常怎样定位,07,sam-operations,explicit_runtime_reference,1,K5,E4,V2,modules/07_平台分发与账号基础/SAM-PLAT-012_平台异常怎样定位.md
SAM-PLAT-012,平台异常怎样定位,07,sam-retro,module_scope_candidate,0,K5,E4,V2,modules/07_平台分发与账号基础/SAM-PLAT-012_平台异常怎样定位.md
SAM-BM-001,先定义研究问题,08,sam-benchmark,explicit_runtime_reference,1,K5,E4,V2,modules/08_对标研究与机制迁移/SAM-BM-001_先定义研究问题.md
SAM-BM-001,先定义研究问题,08,sam-reconstruct,module_scope_candidate,0,K5,E4,V2,modules/08_对标研究与机制迁移/SAM-BM-001_先定义研究问题.md
SAM-BM-002,区分四种研究材料,08,sam-benchmark,explicit_runtime_reference,2,K5,E4,V2,modules/08_对标研究与机制迁移/SAM-BM-002_区分四种研究材料.md
SAM-BM-002,区分四种研究材料,08,sam-reconstruct,module_scope_candidate,0,K5,E4,V2,modules/08_对标研究与机制迁移/SAM-BM-002_区分四种研究材料.md
SAM-BM-003,对标资格八项审查,08,sam-benchmark,explicit_runtime_reference,1,K5,E4,V1,modules/08_对标研究与机制迁移/SAM-BM-003_对标资格八项审查.md
SAM-BM-003,对标资格八项审查,08,sam-reconstruct,module_scope_candidate,0,K5,E4,V1,modules/08_对标研究与机制迁移/SAM-BM-003_对标资格八项审查.md
SAM-BM-004,分层取样,08,sam-benchmark,explicit_runtime_reference,1,K5,E4,V1,modules/08_对标研究与机制迁移/SAM-BM-004_分层取样.md
SAM-BM-004,分层取样,08,sam-reconstruct,module_scope_candidate,0,K5,E4,V1,modules/08_对标研究与机制迁移/SAM-BM-004_分层取样.md
SAM-BM-005,事实、推断、未知、假设,08,sam-benchmark,explicit_runtime_reference,2,K5,E4,V2,modules/08_对标研究与机制迁移/SAM-BM-005_事实推断未知假设.md
SAM-BM-005,事实、推断、未知、假设,08,sam-reconstruct,module_scope_candidate,0,K5,E4,V2,modules/08_对标研究与机制迁移/SAM-BM-005_事实推断未知假设.md
SAM-BM-006,条件、机制、结果,08,sam-benchmark,explicit_runtime_reference,1,K5,E4,V2,modules/08_对标研究与机制迁移/SAM-BM-006_条件机制结果.md
SAM-BM-006,条件、机制、结果,08,sam-reconstruct,module_scope_candidate,0,K5,E4,V2,modules/08_对标研究与机制迁移/SAM-BM-006_条件机制结果.md
SAM-BM-007,迁移关系，不迁移表面,08,sam-benchmark,explicit_runtime_reference,2,K5,E4,V2,modules/08_对标研究与机制迁移/SAM-BM-007_迁移关系不迁移表面.md
SAM-BM-007,迁移关系，不迁移表面,08,sam-reconstruct,module_scope_candidate,0,K5,E4,V2,modules/08_对标研究与机制迁移/SAM-BM-007_迁移关系不迁移表面.md
SAM-BM-008,最小实验与结果回填,08,sam-benchmark,explicit_runtime_reference,1,K5,E4,V2,modules/08_对标研究与机制迁移/SAM-BM-008_最小实验与结果回填.md
SAM-BM-008,最小实验与结果回填,08,sam-reconstruct,module_scope_candidate,0,K5,E4,V2,modules/08_对标研究与机制迁移/SAM-BM-008_最小实验与结果回填.md
SAM-BM-009,结果强度不是万能答案,08,sam-benchmark,explicit_runtime_reference,2,K5,E4,V1,modules/08_对标研究与机制迁移/SAM-BM-009_结果强度不是万能答案.md
SAM-BM-009,结果强度不是万能答案,08,sam-reconstruct,module_scope_candidate,0,K5,E4,V1,modules/08_对标研究与机制迁移/SAM-BM-009_结果强度不是万能答案.md
SAM-BM-010,区分现实条件与自我辩护,08,sam-benchmark,explicit_runtime_reference,1,K5,E4,V1,modules/08_对标研究与机制迁移/SAM-BM-010_区分现实条件与自我辩护.md
SAM-BM-010,区分现实条件与自我辩护,08,sam-reconstruct,module_scope_candidate,0,K5,E4,V1,modules/08_对标研究与机制迁移/SAM-BM-010_区分现实条件与自我辩护.md
SAM-BM-011,先减少变量，再建立差异,08,sam-benchmark,explicit_runtime_reference,1,K5,E4,V1,modules/08_对标研究与机制迁移/SAM-BM-011_先减少变量再建立差异.md
SAM-BM-011,先减少变量，再建立差异,08,sam-reconstruct,module_scope_candidate,0,K5,E4,V1,modules/08_对标研究与机制迁移/SAM-BM-011_先减少变量再建立差异.md
SAM-TOPIC-001,选题不是一个题目,09,sam-research,explicit_runtime_reference,1,K5,E4,V2,modules/09_选题与内容研究/SAM-TOPIC-001_选题不是一个题目.md
SAM-TOPIC-001,选题不是一个题目,09,sam-strategy,explicit_runtime_reference,1,K5,E4,V2,modules/09_选题与内容研究/SAM-TOPIC-001_选题不是一个题目.md
SAM-TOPIC-001,选题不是一个题目,09,sam-topic,explicit_runtime_reference,1,K5,E4,V2,modules/09_选题与内容研究/SAM-TOPIC-001_选题不是一个题目.md
SAM-TOPIC-002,选题由人群、问题、判断和结果组成,09,sam-research,explicit_runtime_reference,1,K5,E4,V2,modules/09_选题与内容研究/SAM-TOPIC-002_选题由人群问题判断和结果组成.md
SAM-TOPIC-002,选题由人群、问题、判断和结果组成,09,sam-strategy,explicit_runtime_reference,1,K5,E4,V2,modules/09_选题与内容研究/SAM-TOPIC-002_选题由人群问题判断和结果组成.md
SAM-TOPIC-002,选题由人群、问题、判断和结果组成,09,sam-topic,explicit_runtime_reference,1,K5,E4,V2,modules/09_选题与内容研究/SAM-TOPIC-002_选题由人群问题判断和结果组成.md
SAM-TOPIC-003,从真实咨询中提取选题,09,sam-research,explicit_runtime_reference,1,K5,E4,V2,modules/09_选题与内容研究/SAM-TOPIC-003_从真实咨询中提取选题.md
SAM-TOPIC-003,从真实咨询中提取选题,09,sam-strategy,explicit_runtime_reference,1,K5,E4,V2,modules/09_选题与内容研究/SAM-TOPIC-003_从真实咨询中提取选题.md
SAM-TOPIC-003,从真实咨询中提取选题,09,sam-topic,explicit_runtime_reference,1,K5,E4,V2,modules/09_选题与内容研究/SAM-TOPIC-003_从真实咨询中提取选题.md
SAM-TOPIC-004,从搜索与评论中提取选题,09,sam-research,explicit_runtime_reference,1,K5,E4,V2,modules/09_选题与内容研究/SAM-TOPIC-004_从搜索与评论中提取选题.md
SAM-TOPIC-004,从搜索与评论中提取选题,09,sam-strategy,explicit_runtime_reference,1,K5,E4,V2,modules/09_选题与内容研究/SAM-TOPIC-004_从搜索与评论中提取选题.md
SAM-TOPIC-004,从搜索与评论中提取选题,09,sam-topic,explicit_runtime_reference,1,K5,E4,V2,modules/09_选题与内容研究/SAM-TOPIC-004_从搜索与评论中提取选题.md
SAM-TOPIC-005,从行业变化中提取选题,09,sam-research,explicit_runtime_reference,1,K5,E4,V2,modules/09_选题与内容研究/SAM-TOPIC-005_从行业变化中提取选题.md
SAM-TOPIC-005,从行业变化中提取选题,09,sam-strategy,explicit_runtime_reference,1,K5,E4,V2,modules/09_选题与内容研究/SAM-TOPIC-005_从行业变化中提取选题.md
SAM-TOPIC-005,从行业变化中提取选题,09,sam-topic,explicit_runtime_reference,1,K5,E4,V2,modules/09_选题与内容研究/SAM-TOPIC-005_从行业变化中提取选题.md
SAM-TOPIC-006,从个人经历中提取可公共讨论的问题,09,sam-research,explicit_runtime_reference,2,K5,E4,V2,modules/09_选题与内容研究/SAM-TOPIC-006_从个人经历中提取可公共讨论的问题.md
SAM-TOPIC-006,从个人经历中提取可公共讨论的问题,09,sam-strategy,explicit_runtime_reference,2,K5,E4,V2,modules/09_选题与内容研究/SAM-TOPIC-006_从个人经历中提取可公共讨论的问题.md
SAM-TOPIC-006,从个人经历中提取可公共讨论的问题,09,sam-topic,explicit_runtime_reference,2,K5,E4,V2,modules/09_选题与内容研究/SAM-TOPIC-006_从个人经历中提取可公共讨论的问题.md
SAM-TOPIC-007,热点怎样与长期问题连接,09,sam-research,explicit_runtime_reference,1,K5,E4,V2,modules/09_选题与内容研究/SAM-TOPIC-007_热点怎样与长期问题连接.md
SAM-TOPIC-007,热点怎样与长期问题连接,09,sam-strategy,explicit_runtime_reference,1,K5,E4,V2,modules/09_选题与内容研究/SAM-TOPIC-007_热点怎样与长期问题连接.md
SAM-TOPIC-007,热点怎样与长期问题连接,09,sam-topic,explicit_runtime_reference,1,K5,E4,V2,modules/09_选题与内容研究/SAM-TOPIC-007_热点怎样与长期问题连接.md
SAM-TOPIC-008,选题为什么有流量却没商业价值,09,sam-research,explicit_runtime_reference,2,K5,E4,V2,modules/09_选题与内容研究/SAM-TOPIC-008_选题为什么有流量却没商业价值.md
SAM-TOPIC-008,选题为什么有流量却没商业价值,09,sam-strategy,explicit_runtime_reference,2,K5,E4,V2,modules/09_选题与内容研究/SAM-TOPIC-008_选题为什么有流量却没商业价值.md
SAM-TOPIC-008,选题为什么有流量却没商业价值,09,sam-topic,explicit_runtime_reference,2,K5,E4,V2,modules/09_选题与内容研究/SAM-TOPIC-008_选题为什么有流量却没商业价值.md
SAM-TOPIC-009,选题池怎样分层与配比,09,sam-research,explicit_runtime_reference,1,K5,E4,V2,modules/09_选题与内容研究/SAM-TOPIC-009_选题池怎样分层与配比.md
SAM-TOPIC-009,选题池怎样分层与配比,09,sam-strategy,explicit_runtime_reference,1,K5,E4,V2,modules/09_选题与内容研究/SAM-TOPIC-009_选题池怎样分层与配比.md
SAM-TOPIC-009,选题池怎样分层与配比,09,sam-topic,explicit_runtime_reference,1,K5,E4,V2,modules/09_选题与内容研究/SAM-TOPIC-009_选题池怎样分层与配比.md
SAM-TOPIC-010,系列选题怎样建立认知,09,sam-research,explicit_runtime_reference,1,K5,E4,V2,modules/09_选题与内容研究/SAM-TOPIC-010_系列选题怎样建立认知.md
SAM-TOPIC-010,系列选题怎样建立认知,09,sam-strategy,explicit_runtime_reference,1,K5,E4,V2,modules/09_选题与内容研究/SAM-TOPIC-010_系列选题怎样建立认知.md
SAM-TOPIC-010,系列选题怎样建立认知,09,sam-topic,explicit_runtime_reference,1,K5,E4,V2,modules/09_选题与内容研究/SAM-TOPIC-010_系列选题怎样建立认知.md
SAM-TOPIC-011,选题淘汰的判断标准,09,sam-research,explicit_runtime_reference,1,K5,E4,V2,modules/09_选题与内容研究/SAM-TOPIC-011_选题淘汰的判断标准.md
SAM-TOPIC-011,选题淘汰的判断标准,09,sam-strategy,explicit_runtime_reference,1,K5,E4,V2,modules/09_选题与内容研究/SAM-TOPIC-011_选题淘汰的判断标准.md
SAM-TOPIC-011,选题淘汰的判断标准,09,sam-topic,explicit_runtime_reference,1,K5,E4,V2,modules/09_选题与内容研究/SAM-TOPIC-011_选题淘汰的判断标准.md
SAM-TOPIC-012,选题结果怎样回填,09,sam-research,explicit_runtime_reference,1,K5,E4,V2,modules/09_选题与内容研究/SAM-TOPIC-012_选题结果怎样回填.md
SAM-TOPIC-012,选题结果怎样回填,09,sam-strategy,explicit_runtime_reference,1,K5,E4,V2,modules/09_选题与内容研究/SAM-TOPIC-012_选题结果怎样回填.md
SAM-TOPIC-012,选题结果怎样回填,09,sam-topic,explicit_runtime_reference,1,K5,E4,V2,modules/09_选题与内容研究/SAM-TOPIC-012_选题结果怎样回填.md
SAM-HOOK-001,标题、封面与开头不是同一件事,10,sam-write,explicit_runtime_reference,1,K5,E4,V2,modules/10_标题封面与开头/SAM-HOOK-001_标题封面与开头不是同一件事.md
SAM-HOOK-001,标题、封面与开头不是同一件事,10,sam-edit,explicit_runtime_reference,1,K5,E4,V2,modules/10_标题封面与开头/SAM-HOOK-001_标题封面与开头不是同一件事.md
SAM-HOOK-001,标题、封面与开头不是同一件事,10,sam-audit,explicit_runtime_reference,1,K5,E4,V2,modules/10_标题封面与开头/SAM-HOOK-001_标题封面与开头不是同一件事.md
SAM-HOOK-001,标题、封面与开头不是同一件事,10,sam-operations,module_scope_candidate,0,K5,E4,V2,modules/10_标题封面与开头/SAM-HOOK-001_标题封面与开头不是同一件事.md
SAM-HOOK-002,相关性先于刺激,10,sam-write,explicit_runtime_reference,1,K5,E4,V2,modules/10_标题封面与开头/SAM-HOOK-002_相关性先于刺激.md
SAM-HOOK-002,相关性先于刺激,10,sam-edit,explicit_runtime_reference,1,K5,E4,V2,modules/10_标题封面与开头/SAM-HOOK-002_相关性先于刺激.md
SAM-HOOK-002,相关性先于刺激,10,sam-audit,explicit_runtime_reference,1,K5,E4,V2,modules/10_标题封面与开头/SAM-HOOK-002_相关性先于刺激.md
SAM-HOOK-002,相关性先于刺激,10,sam-operations,module_scope_candidate,0,K5,E4,V2,modules/10_标题封面与开头/SAM-HOOK-002_相关性先于刺激.md
SAM-HOOK-003,用户怎样快速确认与自己有关,10,sam-write,explicit_runtime_reference,1,K5,E4,V2,modules/10_标题封面与开头/SAM-HOOK-003_用户怎样快速确认与自己有关.md
SAM-HOOK-003,用户怎样快速确认与自己有关,10,sam-edit,explicit_runtime_reference,1,K5,E4,V2,modules/10_标题封面与开头/SAM-HOOK-003_用户怎样快速确认与自己有关.md
SAM-HOOK-003,用户怎样快速确认与自己有关,10,sam-audit,explicit_runtime_reference,1,K5,E4,V2,modules/10_标题封面与开头/SAM-HOOK-003_用户怎样快速确认与自己有关.md
SAM-HOOK-003,用户怎样快速确认与自己有关,10,sam-operations,module_scope_candidate,0,K5,E4,V2,modules/10_标题封面与开头/SAM-HOOK-003_用户怎样快速确认与自己有关.md
SAM-HOOK-004,六类开头分别适合什么任务,10,sam-write,explicit_runtime_reference,1,K5,E4,V2,modules/10_标题封面与开头/SAM-HOOK-004_六类开头分别适合什么任务.md
SAM-HOOK-004,六类开头分别适合什么任务,10,sam-edit,explicit_runtime_reference,1,K5,E4,V2,modules/10_标题封面与开头/SAM-HOOK-004_六类开头分别适合什么任务.md
SAM-HOOK-004,六类开头分别适合什么任务,10,sam-audit,explicit_runtime_reference,1,K5,E4,V2,modules/10_标题封面与开头/SAM-HOOK-004_六类开头分别适合什么任务.md
SAM-HOOK-004,六类开头分别适合什么任务,10,sam-operations,module_scope_candidate,0,K5,E4,V2,modules/10_标题封面与开头/SAM-HOOK-004_六类开头分别适合什么任务.md
SAM-HOOK-005,身份、处境与冲突怎样进入开头,10,sam-write,explicit_runtime_reference,1,K5,E4,V2,modules/10_标题封面与开头/SAM-HOOK-005_身份处境与冲突怎样进入开头.md
SAM-HOOK-005,身份、处境与冲突怎样进入开头,10,sam-edit,explicit_runtime_reference,1,K5,E4,V2,modules/10_标题封面与开头/SAM-HOOK-005_身份处境与冲突怎样进入开头.md
SAM-HOOK-005,身份、处境与冲突怎样进入开头,10,sam-audit,explicit_runtime_reference,1,K5,E4,V2,modules/10_标题封面与开头/SAM-HOOK-005_身份处境与冲突怎样进入开头.md
SAM-HOOK-005,身份、处境与冲突怎样进入开头,10,sam-operations,module_scope_candidate,0,K5,E4,V2,modules/10_标题封面与开头/SAM-HOOK-005_身份处境与冲突怎样进入开头.md
SAM-HOOK-006,好奇缺口何时变成标题党,10,sam-write,explicit_runtime_reference,1,K5,E4,V2,modules/10_标题封面与开头/SAM-HOOK-006_好奇缺口何时变成标题党.md
SAM-HOOK-006,好奇缺口何时变成标题党,10,sam-edit,explicit_runtime_reference,1,K5,E4,V2,modules/10_标题封面与开头/SAM-HOOK-006_好奇缺口何时变成标题党.md
SAM-HOOK-006,好奇缺口何时变成标题党,10,sam-audit,explicit_runtime_reference,1,K5,E4,V2,modules/10_标题封面与开头/SAM-HOOK-006_好奇缺口何时变成标题党.md
SAM-HOOK-006,好奇缺口何时变成标题党,10,sam-operations,module_scope_candidate,0,K5,E4,V2,modules/10_标题封面与开头/SAM-HOOK-006_好奇缺口何时变成标题党.md
SAM-HOOK-007,反共识开头怎样承担举证责任,10,sam-write,explicit_runtime_reference,2,K5,E4,V2,modules/10_标题封面与开头/SAM-HOOK-007_反共识开头怎样承担举证责任.md
SAM-HOOK-007,反共识开头怎样承担举证责任,10,sam-edit,explicit_runtime_reference,2,K5,E4,V2,modules/10_标题封面与开头/SAM-HOOK-007_反共识开头怎样承担举证责任.md
SAM-HOOK-007,反共识开头怎样承担举证责任,10,sam-audit,explicit_runtime_reference,2,K5,E4,V2,modules/10_标题封面与开头/SAM-HOOK-007_反共识开头怎样承担举证责任.md
SAM-HOOK-007,反共识开头怎样承担举证责任,10,sam-operations,module_scope_candidate,0,K5,E4,V2,modules/10_标题封面与开头/SAM-HOOK-007_反共识开头怎样承担举证责任.md
SAM-HOOK-008,封面怎样降低理解成本,10,sam-write,explicit_runtime_reference,1,K5,E4,V2,modules/10_标题封面与开头/SAM-HOOK-008_封面怎样降低理解成本.md
SAM-HOOK-008,封面怎样降低理解成本,10,sam-edit,explicit_runtime_reference,1,K5,E4,V2,modules/10_标题封面与开头/SAM-HOOK-008_封面怎样降低理解成本.md
SAM-HOOK-008,封面怎样降低理解成本,10,sam-audit,explicit_runtime_reference,1,K5,E4,V2,modules/10_标题封面与开头/SAM-HOOK-008_封面怎样降低理解成本.md
SAM-HOOK-008,封面怎样降低理解成本,10,sam-operations,module_scope_candidate,0,K5,E4,V2,modules/10_标题封面与开头/SAM-HOOK-008_封面怎样降低理解成本.md
SAM-HOOK-009,标题承诺与正文兑现,10,sam-write,explicit_runtime_reference,1,K5,E4,V2,modules/10_标题封面与开头/SAM-HOOK-009_标题承诺与正文兑现.md
SAM-HOOK-009,标题承诺与正文兑现,10,sam-edit,explicit_runtime_reference,1,K5,E4,V2,modules/10_标题封面与开头/SAM-HOOK-009_标题承诺与正文兑现.md
SAM-HOOK-009,标题承诺与正文兑现,10,sam-audit,explicit_runtime_reference,1,K5,E4,V2,modules/10_标题封面与开头/SAM-HOOK-009_标题承诺与正文兑现.md
SAM-HOOK-009,标题承诺与正文兑现,10,sam-operations,module_scope_candidate,0,K5,E4,V2,modules/10_标题封面与开头/SAM-HOOK-009_标题承诺与正文兑现.md
SAM-HOOK-010,开头吸引的人必须与结尾行动一致,10,sam-write,explicit_runtime_reference,1,K5,E4,V2,modules/10_标题封面与开头/SAM-HOOK-010_开头吸引的人必须与结尾行动一致.md
SAM-HOOK-010,开头吸引的人必须与结尾行动一致,10,sam-edit,explicit_runtime_reference,1,K5,E4,V2,modules/10_标题封面与开头/SAM-HOOK-010_开头吸引的人必须与结尾行动一致.md
SAM-HOOK-010,开头吸引的人必须与结尾行动一致,10,sam-audit,explicit_runtime_reference,1,K5,E4,V2,modules/10_标题封面与开头/SAM-HOOK-010_开头吸引的人必须与结尾行动一致.md
SAM-HOOK-010,开头吸引的人必须与结尾行动一致,10,sam-operations,module_scope_candidate,0,K5,E4,V2,modules/10_标题封面与开头/SAM-HOOK-010_开头吸引的人必须与结尾行动一致.md
SAM-HOOK-011,标题 A/B 测试的正确方法,10,sam-write,explicit_runtime_reference,1,K5,E4,V2,modules/10_标题封面与开头/SAM-HOOK-011_标题AB测试的正确方法.md
SAM-HOOK-011,标题 A/B 测试的正确方法,10,sam-edit,explicit_runtime_reference,1,K5,E4,V2,modules/10_标题封面与开头/SAM-HOOK-011_标题AB测试的正确方法.md
SAM-HOOK-011,标题 A/B 测试的正确方法,10,sam-audit,explicit_runtime_reference,1,K5,E4,V2,modules/10_标题封面与开头/SAM-HOOK-011_标题AB测试的正确方法.md
SAM-HOOK-011,标题 A/B 测试的正确方法,10,sam-operations,module_scope_candidate,0,K5,E4,V2,modules/10_标题封面与开头/SAM-HOOK-011_标题AB测试的正确方法.md
SAM-HOOK-012,开头失败怎样定位,10,sam-write,explicit_runtime_reference,2,K5,E4,V2,modules/10_标题封面与开头/SAM-HOOK-012_开头失败怎样定位.md
SAM-HOOK-012,开头失败怎样定位,10,sam-edit,explicit_runtime_reference,2,K5,E4,V2,modules/10_标题封面与开头/SAM-HOOK-012_开头失败怎样定位.md
SAM-HOOK-012,开头失败怎样定位,10,sam-audit,explicit_runtime_reference,2,K5,E4,V2,modules/10_标题封面与开头/SAM-HOOK-012_开头失败怎样定位.md
SAM-HOOK-012,开头失败怎样定位,10,sam-operations,module_scope_candidate,0,K5,E4,V2,modules/10_标题封面与开头/SAM-HOOK-012_开头失败怎样定位.md
SAM-SCRIPT-001,内容结构是信息任务的顺序,11,sam-style,explicit_runtime_reference,1,K5,E4,V2,modules/11_结构证据与口播表达/SAM-SCRIPT-001_内容结构是信息任务的顺序.md
SAM-SCRIPT-001,内容结构是信息任务的顺序,11,sam-write,explicit_runtime_reference,1,K5,E4,V2,modules/11_结构证据与口播表达/SAM-SCRIPT-001_内容结构是信息任务的顺序.md
SAM-SCRIPT-001,内容结构是信息任务的顺序,11,sam-edit,explicit_runtime_reference,1,K5,E4,V2,modules/11_结构证据与口播表达/SAM-SCRIPT-001_内容结构是信息任务的顺序.md
SAM-SCRIPT-001,内容结构是信息任务的顺序,11,sam-audit,explicit_runtime_reference,1,K5,E4,V2,modules/11_结构证据与口播表达/SAM-SCRIPT-001_内容结构是信息任务的顺序.md
SAM-SCRIPT-001,内容结构是信息任务的顺序,11,sam-reconstruct,module_scope_candidate,0,K5,E4,V2,modules/11_结构证据与口播表达/SAM-SCRIPT-001_内容结构是信息任务的顺序.md
SAM-SCRIPT-002,结论先行什么时候有效,11,sam-style,explicit_runtime_reference,1,K5,E4,V2,modules/11_结构证据与口播表达/SAM-SCRIPT-002_结论先行什么时候有效.md
SAM-SCRIPT-002,结论先行什么时候有效,11,sam-write,explicit_runtime_reference,1,K5,E4,V2,modules/11_结构证据与口播表达/SAM-SCRIPT-002_结论先行什么时候有效.md
SAM-SCRIPT-002,结论先行什么时候有效,11,sam-edit,explicit_runtime_reference,1,K5,E4,V2,modules/11_结构证据与口播表达/SAM-SCRIPT-002_结论先行什么时候有效.md
SAM-SCRIPT-002,结论先行什么时候有效,11,sam-audit,explicit_runtime_reference,1,K5,E4,V2,modules/11_结构证据与口播表达/SAM-SCRIPT-002_结论先行什么时候有效.md
SAM-SCRIPT-002,结论先行什么时候有效,11,sam-reconstruct,module_scope_candidate,0,K5,E4,V2,modules/11_结构证据与口播表达/SAM-SCRIPT-002_结论先行什么时候有效.md
SAM-SCRIPT-003,问题—放大—方案的边界,11,sam-style,explicit_runtime_reference,2,K5,E4,V2,modules/11_结构证据与口播表达/SAM-SCRIPT-003_问题放大方案的边界.md
SAM-SCRIPT-003,问题—放大—方案的边界,11,sam-write,explicit_runtime_reference,2,K5,E4,V2,modules/11_结构证据与口播表达/SAM-SCRIPT-003_问题放大方案的边界.md
SAM-SCRIPT-003,问题—放大—方案的边界,11,sam-edit,explicit_runtime_reference,2,K5,E4,V2,modules/11_结构证据与口播表达/SAM-SCRIPT-003_问题放大方案的边界.md
SAM-SCRIPT-003,问题—放大—方案的边界,11,sam-audit,explicit_runtime_reference,2,K5,E4,V2,modules/11_结构证据与口播表达/SAM-SCRIPT-003_问题放大方案的边界.md
SAM-SCRIPT-003,问题—放大—方案的边界,11,sam-reconstruct,module_scope_candidate,0,K5,E4,V2,modules/11_结构证据与口播表达/SAM-SCRIPT-003_问题放大方案的边界.md
SAM-SCRIPT-004,观点怎样变成完整论证,11,sam-style,explicit_runtime_reference,2,K5,E4,V2,modules/11_结构证据与口播表达/SAM-SCRIPT-004_观点怎样变成完整论证.md
SAM-SCRIPT-004,观点怎样变成完整论证,11,sam-write,explicit_runtime_reference,2,K5,E4,V2,modules/11_结构证据与口播表达/SAM-SCRIPT-004_观点怎样变成完整论证.md
SAM-SCRIPT-004,观点怎样变成完整论证,11,sam-edit,explicit_runtime_reference,2,K5,E4,V2,modules/11_结构证据与口播表达/SAM-SCRIPT-004_观点怎样变成完整论证.md
SAM-SCRIPT-004,观点怎样变成完整论证,11,sam-audit,explicit_runtime_reference,2,K5,E4,V2,modules/11_结构证据与口播表达/SAM-SCRIPT-004_观点怎样变成完整论证.md
SAM-SCRIPT-004,观点怎样变成完整论证,11,sam-reconstruct,module_scope_candidate,0,K5,E4,V2,modules/11_结构证据与口播表达/SAM-SCRIPT-004_观点怎样变成完整论证.md
SAM-SCRIPT-005,事实、案例、数据和引用怎样分工,11,sam-style,explicit_runtime_reference,1,K5,E4,V2,modules/11_结构证据与口播表达/SAM-SCRIPT-005_事实案例数据和引用怎样分工.md
SAM-SCRIPT-005,事实、案例、数据和引用怎样分工,11,sam-write,explicit_runtime_reference,1,K5,E4,V2,modules/11_结构证据与口播表达/SAM-SCRIPT-005_事实案例数据和引用怎样分工.md
SAM-SCRIPT-005,事实、案例、数据和引用怎样分工,11,sam-edit,explicit_runtime_reference,1,K5,E4,V2,modules/11_结构证据与口播表达/SAM-SCRIPT-005_事实案例数据和引用怎样分工.md
SAM-SCRIPT-005,事实、案例、数据和引用怎样分工,11,sam-audit,explicit_runtime_reference,1,K5,E4,V2,modules/11_结构证据与口播表达/SAM-SCRIPT-005_事实案例数据和引用怎样分工.md
SAM-SCRIPT-005,事实、案例、数据和引用怎样分工,11,sam-reconstruct,module_scope_candidate,0,K5,E4,V2,modules/11_结构证据与口播表达/SAM-SCRIPT-005_事实案例数据和引用怎样分工.md
SAM-SCRIPT-006,类比怎样帮助理解又不制造误导,11,sam-style,explicit_runtime_reference,2,K5,E4,V2,modules/11_结构证据与口播表达/SAM-SCRIPT-006_类比怎样帮助理解又不制造误导.md
SAM-SCRIPT-006,类比怎样帮助理解又不制造误导,11,sam-write,explicit_runtime_reference,2,K5,E4,V2,modules/11_结构证据与口播表达/SAM-SCRIPT-006_类比怎样帮助理解又不制造误导.md
SAM-SCRIPT-006,类比怎样帮助理解又不制造误导,11,sam-edit,explicit_runtime_reference,2,K5,E4,V2,modules/11_结构证据与口播表达/SAM-SCRIPT-006_类比怎样帮助理解又不制造误导.md
SAM-SCRIPT-006,类比怎样帮助理解又不制造误导,11,sam-audit,explicit_runtime_reference,2,K5,E4,V2,modules/11_结构证据与口播表达/SAM-SCRIPT-006_类比怎样帮助理解又不制造误导.md
SAM-SCRIPT-006,类比怎样帮助理解又不制造误导,11,sam-reconstruct,module_scope_candidate,0,K5,E4,V2,modules/11_结构证据与口播表达/SAM-SCRIPT-006_类比怎样帮助理解又不制造误导.md
SAM-SCRIPT-007,故事怎样服务判断,11,sam-style,explicit_runtime_reference,1,K5,E4,V2,modules/11_结构证据与口播表达/SAM-SCRIPT-007_故事怎样服务判断.md
SAM-SCRIPT-007,故事怎样服务判断,11,sam-write,explicit_runtime_reference,1,K5,E4,V2,modules/11_结构证据与口播表达/SAM-SCRIPT-007_故事怎样服务判断.md
SAM-SCRIPT-007,故事怎样服务判断,11,sam-edit,explicit_runtime_reference,1,K5,E4,V2,modules/11_结构证据与口播表达/SAM-SCRIPT-007_故事怎样服务判断.md
SAM-SCRIPT-007,故事怎样服务判断,11,sam-audit,explicit_runtime_reference,1,K5,E4,V2,modules/11_结构证据与口播表达/SAM-SCRIPT-007_故事怎样服务判断.md
SAM-SCRIPT-007,故事怎样服务判断,11,sam-reconstruct,module_scope_candidate,0,K5,E4,V2,modules/11_结构证据与口播表达/SAM-SCRIPT-007_故事怎样服务判断.md
SAM-SCRIPT-008,信息密度与理解成本怎样平衡,11,sam-style,explicit_runtime_reference,1,K5,E4,V2,modules/11_结构证据与口播表达/SAM-SCRIPT-008_信息密度与理解成本怎样平衡.md
SAM-SCRIPT-008,信息密度与理解成本怎样平衡,11,sam-write,explicit_runtime_reference,1,K5,E4,V2,modules/11_结构证据与口播表达/SAM-SCRIPT-008_信息密度与理解成本怎样平衡.md
SAM-SCRIPT-008,信息密度与理解成本怎样平衡,11,sam-edit,explicit_runtime_reference,1,K5,E4,V2,modules/11_结构证据与口播表达/SAM-SCRIPT-008_信息密度与理解成本怎样平衡.md
SAM-SCRIPT-008,信息密度与理解成本怎样平衡,11,sam-audit,explicit_runtime_reference,1,K5,E4,V2,modules/11_结构证据与口播表达/SAM-SCRIPT-008_信息密度与理解成本怎样平衡.md
SAM-SCRIPT-008,信息密度与理解成本怎样平衡,11,sam-reconstruct,module_scope_candidate,0,K5,E4,V2,modules/11_结构证据与口播表达/SAM-SCRIPT-008_信息密度与理解成本怎样平衡.md
SAM-SCRIPT-009,口语化不等于大白话,11,sam-style,explicit_runtime_reference,2,K5,E4,V2,modules/11_结构证据与口播表达/SAM-SCRIPT-009_口语化不等于大白话.md
SAM-SCRIPT-009,口语化不等于大白话,11,sam-write,explicit_runtime_reference,2,K5,E4,V2,modules/11_结构证据与口播表达/SAM-SCRIPT-009_口语化不等于大白话.md
SAM-SCRIPT-009,口语化不等于大白话,11,sam-edit,explicit_runtime_reference,2,K5,E4,V2,modules/11_结构证据与口播表达/SAM-SCRIPT-009_口语化不等于大白话.md
SAM-SCRIPT-009,口语化不等于大白话,11,sam-audit,explicit_runtime_reference,2,K5,E4,V2,modules/11_结构证据与口播表达/SAM-SCRIPT-009_口语化不等于大白话.md
SAM-SCRIPT-009,口语化不等于大白话,11,sam-reconstruct,module_scope_candidate,0,K5,E4,V2,modules/11_结构证据与口播表达/SAM-SCRIPT-009_口语化不等于大白话.md
SAM-SCRIPT-010,段落怎样连续推进,11,sam-style,explicit_runtime_reference,1,K5,E4,V2,modules/11_结构证据与口播表达/SAM-SCRIPT-010_段落怎样连续推进.md
SAM-SCRIPT-010,段落怎样连续推进,11,sam-write,explicit_runtime_reference,1,K5,E4,V2,modules/11_结构证据与口播表达/SAM-SCRIPT-010_段落怎样连续推进.md
SAM-SCRIPT-010,段落怎样连续推进,11,sam-edit,explicit_runtime_reference,1,K5,E4,V2,modules/11_结构证据与口播表达/SAM-SCRIPT-010_段落怎样连续推进.md
SAM-SCRIPT-010,段落怎样连续推进,11,sam-audit,explicit_runtime_reference,1,K5,E4,V2,modules/11_结构证据与口播表达/SAM-SCRIPT-010_段落怎样连续推进.md
SAM-SCRIPT-010,段落怎样连续推进,11,sam-reconstruct,module_scope_candidate,0,K5,E4,V2,modules/11_结构证据与口播表达/SAM-SCRIPT-010_段落怎样连续推进.md
SAM-SCRIPT-011,金句必须压缩已讲清的内容,11,sam-style,explicit_runtime_reference,2,K5,E4,V2,modules/11_结构证据与口播表达/SAM-SCRIPT-011_金句必须压缩已讲清的内容.md
SAM-SCRIPT-011,金句必须压缩已讲清的内容,11,sam-write,explicit_runtime_reference,2,K5,E4,V2,modules/11_结构证据与口播表达/SAM-SCRIPT-011_金句必须压缩已讲清的内容.md
SAM-SCRIPT-011,金句必须压缩已讲清的内容,11,sam-edit,explicit_runtime_reference,2,K5,E4,V2,modules/11_结构证据与口播表达/SAM-SCRIPT-011_金句必须压缩已讲清的内容.md
SAM-SCRIPT-011,金句必须压缩已讲清的内容,11,sam-audit,explicit_runtime_reference,2,K5,E4,V2,modules/11_结构证据与口播表达/SAM-SCRIPT-011_金句必须压缩已讲清的内容.md
SAM-SCRIPT-011,金句必须压缩已讲清的内容,11,sam-reconstruct,module_scope_candidate,0,K5,E4,V2,modules/11_结构证据与口播表达/SAM-SCRIPT-011_金句必须压缩已讲清的内容.md
SAM-SCRIPT-012,文案质检与返工路径,11,sam-style,explicit_runtime_reference,2,K5,E4,V2,modules/11_结构证据与口播表达/SAM-SCRIPT-012_文案质检与返工路径.md
SAM-SCRIPT-012,文案质检与返工路径,11,sam-write,explicit_runtime_reference,2,K5,E4,V2,modules/11_结构证据与口播表达/SAM-SCRIPT-012_文案质检与返工路径.md
SAM-SCRIPT-012,文案质检与返工路径,11,sam-edit,explicit_runtime_reference,2,K5,E4,V2,modules/11_结构证据与口播表达/SAM-SCRIPT-012_文案质检与返工路径.md
SAM-SCRIPT-012,文案质检与返工路径,11,sam-audit,explicit_runtime_reference,2,K5,E4,V2,modules/11_结构证据与口播表达/SAM-SCRIPT-012_文案质检与返工路径.md
SAM-SCRIPT-012,文案质检与返工路径,11,sam-reconstruct,module_scope_candidate,0,K5,E4,V2,modules/11_结构证据与口播表达/SAM-SCRIPT-012_文案质检与返工路径.md
SAM-SPREAD-001,传播不是信息自动扩散,12,sam-strategy,explicit_runtime_reference,1,K5,E4,V2,modules/12_传播信任与影响力/SAM-SPREAD-001_传播不是信息自动扩散.md
SAM-SPREAD-001,传播不是信息自动扩散,12,sam-write,explicit_runtime_reference,1,K5,E4,V2,modules/12_传播信任与影响力/SAM-SPREAD-001_传播不是信息自动扩散.md
SAM-SPREAD-001,传播不是信息自动扩散,12,sam-edit,explicit_runtime_reference,1,K5,E4,V2,modules/12_传播信任与影响力/SAM-SPREAD-001_传播不是信息自动扩散.md
SAM-SPREAD-001,传播不是信息自动扩散,12,sam-audit,explicit_runtime_reference,1,K5,E4,V2,modules/12_传播信任与影响力/SAM-SPREAD-001_传播不是信息自动扩散.md
SAM-SPREAD-002,内容为什么值得存在,12,sam-strategy,explicit_runtime_reference,1,K5,E4,V2,modules/12_传播信任与影响力/SAM-SPREAD-002_内容为什么值得存在.md
SAM-SPREAD-002,内容为什么值得存在,12,sam-write,explicit_runtime_reference,1,K5,E4,V2,modules/12_传播信任与影响力/SAM-SPREAD-002_内容为什么值得存在.md
SAM-SPREAD-002,内容为什么值得存在,12,sam-edit,explicit_runtime_reference,1,K5,E4,V2,modules/12_传播信任与影响力/SAM-SPREAD-002_内容为什么值得存在.md
SAM-SPREAD-002,内容为什么值得存在,12,sam-audit,explicit_runtime_reference,1,K5,E4,V2,modules/12_传播信任与影响力/SAM-SPREAD-002_内容为什么值得存在.md
SAM-SPREAD-003,用户为什么愿意停留、相信和转发,12,sam-strategy,explicit_runtime_reference,2,K5,E4,V2,modules/12_传播信任与影响力/SAM-SPREAD-003_用户为什么愿意停留相信和转发.md
SAM-SPREAD-003,用户为什么愿意停留、相信和转发,12,sam-write,explicit_runtime_reference,2,K5,E4,V2,modules/12_传播信任与影响力/SAM-SPREAD-003_用户为什么愿意停留相信和转发.md
SAM-SPREAD-003,用户为什么愿意停留、相信和转发,12,sam-edit,explicit_runtime_reference,2,K5,E4,V2,modules/12_传播信任与影响力/SAM-SPREAD-003_用户为什么愿意停留相信和转发.md
SAM-SPREAD-003,用户为什么愿意停留、相信和转发,12,sam-audit,explicit_runtime_reference,2,K5,E4,V2,modules/12_传播信任与影响力/SAM-SPREAD-003_用户为什么愿意停留相信和转发.md
SAM-SPREAD-004,信息密度与情绪密度,12,sam-strategy,explicit_runtime_reference,2,K5,E4,V2,modules/12_传播信任与影响力/SAM-SPREAD-004_信息密度与情绪密度.md
SAM-SPREAD-004,信息密度与情绪密度,12,sam-write,explicit_runtime_reference,2,K5,E4,V2,modules/12_传播信任与影响力/SAM-SPREAD-004_信息密度与情绪密度.md
SAM-SPREAD-004,信息密度与情绪密度,12,sam-edit,explicit_runtime_reference,2,K5,E4,V2,modules/12_传播信任与影响力/SAM-SPREAD-004_信息密度与情绪密度.md
SAM-SPREAD-004,信息密度与情绪密度,12,sam-audit,explicit_runtime_reference,2,K5,E4,V2,modules/12_传播信任与影响力/SAM-SPREAD-004_信息密度与情绪密度.md
SAM-SPREAD-005,集体情绪怎样被内容唤醒,12,sam-strategy,explicit_runtime_reference,1,K5,E4,V2,modules/12_传播信任与影响力/SAM-SPREAD-005_集体情绪怎样被内容唤醒.md
SAM-SPREAD-005,集体情绪怎样被内容唤醒,12,sam-write,explicit_runtime_reference,1,K5,E4,V2,modules/12_传播信任与影响力/SAM-SPREAD-005_集体情绪怎样被内容唤醒.md
SAM-SPREAD-005,集体情绪怎样被内容唤醒,12,sam-edit,explicit_runtime_reference,1,K5,E4,V2,modules/12_传播信任与影响力/SAM-SPREAD-005_集体情绪怎样被内容唤醒.md
SAM-SPREAD-005,集体情绪怎样被内容唤醒,12,sam-audit,explicit_runtime_reference,1,K5,E4,V2,modules/12_传播信任与影响力/SAM-SPREAD-005_集体情绪怎样被内容唤醒.md
SAM-SPREAD-006,身份认同怎样形成“这说的是我”,12,sam-strategy,explicit_runtime_reference,1,K5,E4,V2,modules/12_传播信任与影响力/SAM-SPREAD-006_身份认同怎样形成这说的是我.md
SAM-SPREAD-006,身份认同怎样形成“这说的是我”,12,sam-write,explicit_runtime_reference,1,K5,E4,V2,modules/12_传播信任与影响力/SAM-SPREAD-006_身份认同怎样形成这说的是我.md
SAM-SPREAD-006,身份认同怎样形成“这说的是我”,12,sam-edit,explicit_runtime_reference,1,K5,E4,V2,modules/12_传播信任与影响力/SAM-SPREAD-006_身份认同怎样形成这说的是我.md
SAM-SPREAD-006,身份认同怎样形成“这说的是我”,12,sam-audit,explicit_runtime_reference,1,K5,E4,V2,modules/12_传播信任与影响力/SAM-SPREAD-006_身份认同怎样形成这说的是我.md
SAM-SPREAD-007,共识、反共识与重新解释,12,sam-strategy,explicit_runtime_reference,2,K5,E4,V2,modules/12_传播信任与影响力/SAM-SPREAD-007_共识反共识与重新解释.md
SAM-SPREAD-007,共识、反共识与重新解释,12,sam-write,explicit_runtime_reference,2,K5,E4,V2,modules/12_传播信任与影响力/SAM-SPREAD-007_共识反共识与重新解释.md
SAM-SPREAD-007,共识、反共识与重新解释,12,sam-edit,explicit_runtime_reference,2,K5,E4,V2,modules/12_传播信任与影响力/SAM-SPREAD-007_共识反共识与重新解释.md
SAM-SPREAD-007,共识、反共识与重新解释,12,sam-audit,explicit_runtime_reference,2,K5,E4,V2,modules/12_传播信任与影响力/SAM-SPREAD-007_共识反共识与重新解释.md
SAM-SPREAD-008,社会证明怎样降低判断风险,12,sam-strategy,explicit_runtime_reference,1,K5,E4,V2,modules/12_传播信任与影响力/SAM-SPREAD-008_社会证明怎样降低判断风险.md
SAM-SPREAD-008,社会证明怎样降低判断风险,12,sam-write,explicit_runtime_reference,1,K5,E4,V2,modules/12_传播信任与影响力/SAM-SPREAD-008_社会证明怎样降低判断风险.md
SAM-SPREAD-008,社会证明怎样降低判断风险,12,sam-edit,explicit_runtime_reference,1,K5,E4,V2,modules/12_传播信任与影响力/SAM-SPREAD-008_社会证明怎样降低判断风险.md
SAM-SPREAD-008,社会证明怎样降低判断风险,12,sam-audit,explicit_runtime_reference,1,K5,E4,V2,modules/12_传播信任与影响力/SAM-SPREAD-008_社会证明怎样降低判断风险.md
SAM-SPREAD-009,稳定表达怎样形成记忆,12,sam-strategy,explicit_runtime_reference,2,K5,E4,V2,modules/12_传播信任与影响力/SAM-SPREAD-009_稳定表达怎样形成记忆.md
SAM-SPREAD-009,稳定表达怎样形成记忆,12,sam-write,explicit_runtime_reference,2,K5,E4,V2,modules/12_传播信任与影响力/SAM-SPREAD-009_稳定表达怎样形成记忆.md
SAM-SPREAD-009,稳定表达怎样形成记忆,12,sam-edit,explicit_runtime_reference,2,K5,E4,V2,modules/12_传播信任与影响力/SAM-SPREAD-009_稳定表达怎样形成记忆.md
SAM-SPREAD-009,稳定表达怎样形成记忆,12,sam-audit,explicit_runtime_reference,2,K5,E4,V2,modules/12_传播信任与影响力/SAM-SPREAD-009_稳定表达怎样形成记忆.md
SAM-SPREAD-010,信任由能力、诚意与一致性共同形成,12,sam-strategy,explicit_runtime_reference,1,K5,E4,V2,modules/12_传播信任与影响力/SAM-SPREAD-010_信任由能力诚意与一致性共同形成.md
SAM-SPREAD-010,信任由能力、诚意与一致性共同形成,12,sam-write,explicit_runtime_reference,1,K5,E4,V2,modules/12_传播信任与影响力/SAM-SPREAD-010_信任由能力诚意与一致性共同形成.md
SAM-SPREAD-010,信任由能力、诚意与一致性共同形成,12,sam-edit,explicit_runtime_reference,1,K5,E4,V2,modules/12_传播信任与影响力/SAM-SPREAD-010_信任由能力诚意与一致性共同形成.md
SAM-SPREAD-010,信任由能力、诚意与一致性共同形成,12,sam-audit,explicit_runtime_reference,1,K5,E4,V2,modules/12_传播信任与影响力/SAM-SPREAD-010_信任由能力诚意与一致性共同形成.md
SAM-SPREAD-011,影响力怎样连接现实行动,12,sam-strategy,explicit_runtime_reference,1,K5,E4,V2,modules/12_传播信任与影响力/SAM-SPREAD-011_影响力怎样连接现实行动.md
SAM-SPREAD-011,影响力怎样连接现实行动,12,sam-write,explicit_runtime_reference,1,K5,E4,V2,modules/12_传播信任与影响力/SAM-SPREAD-011_影响力怎样连接现实行动.md
SAM-SPREAD-011,影响力怎样连接现实行动,12,sam-edit,explicit_runtime_reference,1,K5,E4,V2,modules/12_传播信任与影响力/SAM-SPREAD-011_影响力怎样连接现实行动.md
SAM-SPREAD-011,影响力怎样连接现实行动,12,sam-audit,explicit_runtime_reference,1,K5,E4,V2,modules/12_传播信任与影响力/SAM-SPREAD-011_影响力怎样连接现实行动.md
SAM-SPREAD-012,高传播没有商业结果时发生了什么,12,sam-strategy,explicit_runtime_reference,2,K5,E4,V2,modules/12_传播信任与影响力/SAM-SPREAD-012_高传播没有商业结果时发生了什么.md
SAM-SPREAD-012,高传播没有商业结果时发生了什么,12,sam-write,explicit_runtime_reference,2,K5,E4,V2,modules/12_传播信任与影响力/SAM-SPREAD-012_高传播没有商业结果时发生了什么.md
SAM-SPREAD-012,高传播没有商业结果时发生了什么,12,sam-edit,explicit_runtime_reference,2,K5,E4,V2,modules/12_传播信任与影响力/SAM-SPREAD-012_高传播没有商业结果时发生了什么.md
SAM-SPREAD-012,高传播没有商业结果时发生了什么,12,sam-audit,explicit_runtime_reference,2,K5,E4,V2,modules/12_传播信任与影响力/SAM-SPREAD-012_高传播没有商业结果时发生了什么.md
SAM-OPS-001,内容生产不是从写稿开始,13,sam-operations,explicit_runtime_reference,1,K5,E4,V2,modules/13_生产发布与自然流运营/SAM-OPS-001_内容生产不是从写稿开始.md
SAM-OPS-001,内容生产不是从写稿开始,13,sam-assets,module_scope_candidate,0,K5,E4,V2,modules/13_生产发布与自然流运营/SAM-OPS-001_内容生产不是从写稿开始.md
SAM-OPS-002,素材、选题、框架、脚本和成片的关系,13,sam-operations,explicit_runtime_reference,1,K5,E4,V2,modules/13_生产发布与自然流运营/SAM-OPS-002_素材选题框架脚本和成片的关系.md
SAM-OPS-002,素材、选题、框架、脚本和成片的关系,13,sam-assets,module_scope_candidate,0,K5,E4,V2,modules/13_生产发布与自然流运营/SAM-OPS-002_素材选题框架脚本和成片的关系.md
SAM-OPS-003,单人内容系统的最小配置,13,sam-operations,explicit_runtime_reference,2,K5,E4,V2,modules/13_生产发布与自然流运营/SAM-OPS-003_单人内容系统的最小配置.md
SAM-OPS-003,单人内容系统的最小配置,13,sam-assets,module_scope_candidate,0,K5,E4,V2,modules/13_生产发布与自然流运营/SAM-OPS-003_单人内容系统的最小配置.md
SAM-OPS-004,小团队怎样分清判断与执行,13,sam-operations,explicit_runtime_reference,2,K5,E4,V2,modules/13_生产发布与自然流运营/SAM-OPS-004_小团队怎样分清判断与执行.md
SAM-OPS-004,小团队怎样分清判断与执行,13,sam-assets,module_scope_candidate,0,K5,E4,V2,modules/13_生产发布与自然流运营/SAM-OPS-004_小团队怎样分清判断与执行.md
SAM-OPS-005,SOP 解决稳定，不自动解决迭代,13,sam-operations,explicit_runtime_reference,1,K5,E4,V2,modules/13_生产发布与自然流运营/SAM-OPS-005_SOP解决稳定不自动解决迭代.md
SAM-OPS-005,SOP 解决稳定，不自动解决迭代,13,sam-assets,module_scope_candidate,0,K5,E4,V2,modules/13_生产发布与自然流运营/SAM-OPS-005_SOP解决稳定不自动解决迭代.md
SAM-OPS-006,内容库存怎样建立,13,sam-operations,explicit_runtime_reference,1,K5,E4,V2,modules/13_生产发布与自然流运营/SAM-OPS-006_内容库存怎样建立.md
SAM-OPS-006,内容库存怎样建立,13,sam-assets,module_scope_candidate,0,K5,E4,V2,modules/13_生产发布与自然流运营/SAM-OPS-006_内容库存怎样建立.md
SAM-OPS-007,批量生产怎样避免质量塌陷,13,sam-operations,explicit_runtime_reference,2,K5,E4,V2,modules/13_生产发布与自然流运营/SAM-OPS-007_批量生产怎样避免质量塌陷.md
SAM-OPS-007,批量生产怎样避免质量塌陷,13,sam-assets,module_scope_candidate,0,K5,E4,V2,modules/13_生产发布与自然流运营/SAM-OPS-007_批量生产怎样避免质量塌陷.md
SAM-OPS-008,拍摄前、拍摄中和发布前的质量门,13,sam-operations,explicit_runtime_reference,1,K5,E4,V2,modules/13_生产发布与自然流运营/SAM-OPS-008_拍摄前拍摄中和发布前的质量门.md
SAM-OPS-008,拍摄前、拍摄中和发布前的质量门,13,sam-assets,module_scope_candidate,0,K5,E4,V2,modules/13_生产发布与自然流运营/SAM-OPS-008_拍摄前拍摄中和发布前的质量门.md
SAM-OPS-009,发布频率怎样由产能与数据决定,13,sam-operations,explicit_runtime_reference,1,K5,E4,V2,modules/13_生产发布与自然流运营/SAM-OPS-009_发布频率怎样由产能与数据决定.md
SAM-OPS-009,发布频率怎样由产能与数据决定,13,sam-assets,module_scope_candidate,0,K5,E4,V2,modules/13_生产发布与自然流运营/SAM-OPS-009_发布频率怎样由产能与数据决定.md
SAM-OPS-010,自然流运营的日常动作,13,sam-operations,explicit_runtime_reference,2,K5,E4,V2,modules/13_生产发布与自然流运营/SAM-OPS-010_自然流运营的日常动作.md
SAM-OPS-010,自然流运营的日常动作,13,sam-assets,module_scope_candidate,0,K5,E4,V2,modules/13_生产发布与自然流运营/SAM-OPS-010_自然流运营的日常动作.md
SAM-OPS-011,内容团队怎样完成交接,13,sam-operations,explicit_runtime_reference,1,K5,E4,V2,modules/13_生产发布与自然流运营/SAM-OPS-011_内容团队怎样完成交接.md
SAM-OPS-011,内容团队怎样完成交接,13,sam-assets,module_scope_candidate,0,K5,E4,V2,modules/13_生产发布与自然流运营/SAM-OPS-011_内容团队怎样完成交接.md
SAM-OPS-012,生产系统异常怎样回退,13,sam-operations,explicit_runtime_reference,1,K5,E4,V2,modules/13_生产发布与自然流运营/SAM-OPS-012_生产系统异常怎样回退.md
SAM-OPS-012,生产系统异常怎样回退,13,sam-assets,module_scope_candidate,0,K5,E4,V2,modules/13_生产发布与自然流运营/SAM-OPS-012_生产系统异常怎样回退.md
SAM-DATA-001,数据不是结果的同义词,14,sam-retro,explicit_runtime_reference,2,K5,E4,V2,modules/14_数据复盘与增长实验/SAM-DATA-001_数据不是结果的同义词.md
SAM-DATA-001,数据不是结果的同义词,14,sam-operations,module_scope_candidate,0,K5,E4,V2,modules/14_数据复盘与增长实验/SAM-DATA-001_数据不是结果的同义词.md
SAM-DATA-002,平台指标必须先统一口径,14,sam-retro,explicit_runtime_reference,1,K5,E4,V2,modules/14_数据复盘与增长实验/SAM-DATA-002_平台指标必须先统一口径.md
SAM-DATA-002,平台指标必须先统一口径,14,sam-operations,module_scope_candidate,0,K5,E4,V2,modules/14_数据复盘与增长实验/SAM-DATA-002_平台指标必须先统一口径.md
SAM-DATA-003,曝光、停留、完播、互动和主页访问的关系,14,sam-retro,explicit_runtime_reference,2,K5,E4,V2,modules/14_数据复盘与增长实验/SAM-DATA-003_曝光停留完播互动和主页访问的关系.md
SAM-DATA-003,曝光、停留、完播、互动和主页访问的关系,14,sam-operations,module_scope_candidate,0,K5,E4,V2,modules/14_数据复盘与增长实验/SAM-DATA-003_曝光停留完播互动和主页访问的关系.md
SAM-DATA-004,线索、有效线索、成交和交付的关系,14,sam-retro,explicit_runtime_reference,2,K5,E4,V2,modules/14_数据复盘与增长实验/SAM-DATA-004_线索有效线索成交和交付的关系.md
SAM-DATA-004,线索、有效线索、成交和交付的关系,14,sam-operations,module_scope_candidate,0,K5,E4,V2,modules/14_数据复盘与增长实验/SAM-DATA-004_线索有效线索成交和交付的关系.md
SAM-DATA-005,单条内容怎样复盘,14,sam-retro,explicit_runtime_reference,2,K5,E4,V2,modules/14_数据复盘与增长实验/SAM-DATA-005_单条内容怎样复盘.md
SAM-DATA-005,单条内容怎样复盘,14,sam-operations,module_scope_candidate,0,K5,E4,V2,modules/14_数据复盘与增长实验/SAM-DATA-005_单条内容怎样复盘.md
SAM-DATA-006,栏目和账号怎样跨期复盘,14,sam-retro,explicit_runtime_reference,1,K5,E4,V2,modules/14_数据复盘与增长实验/SAM-DATA-006_栏目和账号怎样跨期复盘.md
SAM-DATA-006,栏目和账号怎样跨期复盘,14,sam-operations,module_scope_candidate,0,K5,E4,V2,modules/14_数据复盘与增长实验/SAM-DATA-006_栏目和账号怎样跨期复盘.md
SAM-DATA-007,中位表现比单条峰值更接近稳定能力,14,sam-retro,explicit_runtime_reference,1,K5,E4,V2,modules/14_数据复盘与增长实验/SAM-DATA-007_中位表现比单条峰值更接近稳定能力.md
SAM-DATA-007,中位表现比单条峰值更接近稳定能力,14,sam-operations,module_scope_candidate,0,K5,E4,V2,modules/14_数据复盘与增长实验/SAM-DATA-007_中位表现比单条峰值更接近稳定能力.md
SAM-DATA-008,数据异常怎样定位到具体节点,14,sam-retro,explicit_runtime_reference,1,K5,E4,V2,modules/14_数据复盘与增长实验/SAM-DATA-008_数据异常怎样定位到具体节点.md
SAM-DATA-008,数据异常怎样定位到具体节点,14,sam-operations,module_scope_candidate,0,K5,E4,V2,modules/14_数据复盘与增长实验/SAM-DATA-008_数据异常怎样定位到具体节点.md
SAM-DATA-009,自然流实验怎样建立基线,14,sam-retro,explicit_runtime_reference,1,K5,E4,V2,modules/14_数据复盘与增长实验/SAM-DATA-009_自然流实验怎样建立基线.md
SAM-DATA-009,自然流实验怎样建立基线,14,sam-operations,module_scope_candidate,0,K5,E4,V2,modules/14_数据复盘与增长实验/SAM-DATA-009_自然流实验怎样建立基线.md
SAM-DATA-010,小样本怎样限制结论,14,sam-retro,explicit_runtime_reference,1,K5,E4,V2,modules/14_数据复盘与增长实验/SAM-DATA-010_小样本怎样限制结论.md
SAM-DATA-010,小样本怎样限制结论,14,sam-operations,module_scope_candidate,0,K5,E4,V2,modules/14_数据复盘与增长实验/SAM-DATA-010_小样本怎样限制结论.md
SAM-DATA-011,失败怎样写回方法,14,sam-retro,explicit_runtime_reference,1,K5,E4,V2,modules/14_数据复盘与增长实验/SAM-DATA-011_失败怎样写回方法.md
SAM-DATA-011,失败怎样写回方法,14,sam-operations,module_scope_candidate,0,K5,E4,V2,modules/14_数据复盘与增长实验/SAM-DATA-011_失败怎样写回方法.md
SAM-DATA-012,数据复盘怎样决定下一轮内容,14,sam-retro,explicit_runtime_reference,2,K5,E4,V2,modules/14_数据复盘与增长实验/SAM-DATA-012_数据复盘怎样决定下一轮内容.md
SAM-DATA-012,数据复盘怎样决定下一轮内容,14,sam-operations,module_scope_candidate,0,K5,E4,V2,modules/14_数据复盘与增长实验/SAM-DATA-012_数据复盘怎样决定下一轮内容.md
SAM-CONV-001,流量和商业转化是两套系统,15,sam-relationship,explicit_runtime_reference,1,K5,E4,V2,modules/15_线索销售交付与复购/SAM-CONV-001_流量和商业转化是两套系统.md
SAM-CONV-001,流量和商业转化是两套系统,15,sam-product,module_scope_candidate,0,K5,E4,V2,modules/15_线索销售交付与复购/SAM-CONV-001_流量和商业转化是两套系统.md
SAM-CONV-001,流量和商业转化是两套系统,15,sam-retro,module_scope_candidate,0,K5,E4,V2,modules/15_线索销售交付与复购/SAM-CONV-001_流量和商业转化是两套系统.md
SAM-CONV-002,线索不等于有效客户,15,sam-relationship,explicit_runtime_reference,1,K5,E4,V2,modules/15_线索销售交付与复购/SAM-CONV-002_线索不等于有效客户.md
SAM-CONV-002,线索不等于有效客户,15,sam-product,module_scope_candidate,0,K5,E4,V2,modules/15_线索销售交付与复购/SAM-CONV-002_线索不等于有效客户.md
SAM-CONV-002,线索不等于有效客户,15,sam-retro,module_scope_candidate,0,K5,E4,V2,modules/15_线索销售交付与复购/SAM-CONV-002_线索不等于有效客户.md
SAM-CONV-003,内容怎样完成用户筛选,15,sam-relationship,explicit_runtime_reference,2,K5,E4,V2,modules/15_线索销售交付与复购/SAM-CONV-003_内容怎样完成用户筛选.md
SAM-CONV-003,内容怎样完成用户筛选,15,sam-product,module_scope_candidate,0,K5,E4,V2,modules/15_线索销售交付与复购/SAM-CONV-003_内容怎样完成用户筛选.md
SAM-CONV-003,内容怎样完成用户筛选,15,sam-retro,module_scope_candidate,0,K5,E4,V2,modules/15_线索销售交付与复购/SAM-CONV-003_内容怎样完成用户筛选.md
SAM-CONV-004,主页与行动入口怎样承接内容,15,sam-relationship,explicit_runtime_reference,1,K5,E4,V2,modules/15_线索销售交付与复购/SAM-CONV-004_主页与行动入口怎样承接内容.md
SAM-CONV-004,主页与行动入口怎样承接内容,15,sam-product,module_scope_candidate,0,K5,E4,V2,modules/15_线索销售交付与复购/SAM-CONV-004_主页与行动入口怎样承接内容.md
SAM-CONV-004,主页与行动入口怎样承接内容,15,sam-retro,module_scope_candidate,0,K5,E4,V2,modules/15_线索销售交付与复购/SAM-CONV-004_主页与行动入口怎样承接内容.md
SAM-CONV-005,私信和咨询怎样完成问题诊断,15,sam-relationship,explicit_runtime_reference,1,K5,E4,V2,modules/15_线索销售交付与复购/SAM-CONV-005_私信和咨询怎样完成问题诊断.md
SAM-CONV-005,私信和咨询怎样完成问题诊断,15,sam-product,module_scope_candidate,0,K5,E4,V2,modules/15_线索销售交付与复购/SAM-CONV-005_私信和咨询怎样完成问题诊断.md
SAM-CONV-005,私信和咨询怎样完成问题诊断,15,sam-retro,module_scope_candidate,0,K5,E4,V2,modules/15_线索销售交付与复购/SAM-CONV-005_私信和咨询怎样完成问题诊断.md
SAM-CONV-006,销售不是重复产品信息,15,sam-relationship,explicit_runtime_reference,1,K5,E4,V2,modules/15_线索销售交付与复购/SAM-CONV-006_销售不是重复产品信息.md
SAM-CONV-006,销售不是重复产品信息,15,sam-product,module_scope_candidate,0,K5,E4,V2,modules/15_线索销售交付与复购/SAM-CONV-006_销售不是重复产品信息.md
SAM-CONV-006,销售不是重复产品信息,15,sam-retro,module_scope_candidate,0,K5,E4,V2,modules/15_线索销售交付与复购/SAM-CONV-006_销售不是重复产品信息.md
SAM-CONV-007,高客单成交需要降低哪些风险,15,sam-relationship,explicit_runtime_reference,2,K5,E4,V2,modules/15_线索销售交付与复购/SAM-CONV-007_高客单成交需要降低哪些风险.md
SAM-CONV-007,高客单成交需要降低哪些风险,15,sam-product,module_scope_candidate,0,K5,E4,V2,modules/15_线索销售交付与复购/SAM-CONV-007_高客单成交需要降低哪些风险.md
SAM-CONV-007,高客单成交需要降低哪些风险,15,sam-retro,module_scope_candidate,0,K5,E4,V2,modules/15_线索销售交付与复购/SAM-CONV-007_高客单成交需要降低哪些风险.md
SAM-CONV-008,内容、销售和交付承诺必须一致,15,sam-relationship,explicit_runtime_reference,1,K5,E4,V2,modules/15_线索销售交付与复购/SAM-CONV-008_内容销售和交付承诺必须一致.md
SAM-CONV-008,内容、销售和交付承诺必须一致,15,sam-product,module_scope_candidate,0,K5,E4,V2,modules/15_线索销售交付与复购/SAM-CONV-008_内容销售和交付承诺必须一致.md
SAM-CONV-008,内容、销售和交付承诺必须一致,15,sam-retro,module_scope_candidate,0,K5,E4,V2,modules/15_线索销售交付与复购/SAM-CONV-008_内容销售和交付承诺必须一致.md
SAM-CONV-009,交付怎样产生下一轮内容与口碑,15,sam-relationship,explicit_runtime_reference,2,K5,E4,V2,modules/15_线索销售交付与复购/SAM-CONV-009_交付怎样产生下一轮内容与口碑.md
SAM-CONV-009,交付怎样产生下一轮内容与口碑,15,sam-product,module_scope_candidate,0,K5,E4,V2,modules/15_线索销售交付与复购/SAM-CONV-009_交付怎样产生下一轮内容与口碑.md
SAM-CONV-009,交付怎样产生下一轮内容与口碑,15,sam-retro,module_scope_candidate,0,K5,E4,V2,modules/15_线索销售交付与复购/SAM-CONV-009_交付怎样产生下一轮内容与口碑.md
SAM-CONV-010,复购来自持续任务，不只来自满意度,15,sam-relationship,explicit_runtime_reference,1,K5,E4,V2,modules/15_线索销售交付与复购/SAM-CONV-010_复购来自持续任务不只来自满意度.md
SAM-CONV-010,复购来自持续任务，不只来自满意度,15,sam-product,module_scope_candidate,0,K5,E4,V2,modules/15_线索销售交付与复购/SAM-CONV-010_复购来自持续任务不只来自满意度.md
SAM-CONV-010,复购来自持续任务，不只来自满意度,15,sam-retro,module_scope_candidate,0,K5,E4,V2,modules/15_线索销售交付与复购/SAM-CONV-010_复购来自持续任务不只来自满意度.md
SAM-CONV-011,前端流量过量为什么会伤害业务,15,sam-relationship,explicit_runtime_reference,1,K5,E4,V2,modules/15_线索销售交付与复购/SAM-CONV-011_前端流量过量为什么会伤害业务.md
SAM-CONV-011,前端流量过量为什么会伤害业务,15,sam-product,module_scope_candidate,0,K5,E4,V2,modules/15_线索销售交付与复购/SAM-CONV-011_前端流量过量为什么会伤害业务.md
SAM-CONV-011,前端流量过量为什么会伤害业务,15,sam-retro,module_scope_candidate,0,K5,E4,V2,modules/15_线索销售交付与复购/SAM-CONV-011_前端流量过量为什么会伤害业务.md
SAM-CONV-012,完整经营漏斗怎样复盘,15,sam-relationship,explicit_runtime_reference,1,K5,E4,V2,modules/15_线索销售交付与复购/SAM-CONV-012_完整经营漏斗怎样复盘.md
SAM-CONV-012,完整经营漏斗怎样复盘,15,sam-product,module_scope_candidate,0,K5,E4,V2,modules/15_线索销售交付与复购/SAM-CONV-012_完整经营漏斗怎样复盘.md
SAM-CONV-012,完整经营漏斗怎样复盘,15,sam-retro,module_scope_candidate,0,K5,E4,V2,modules/15_线索销售交付与复购/SAM-CONV-012_完整经营漏斗怎样复盘.md
SAM-AI-001,AI是执行合作者不是最终决策者,16,sam-assets,explicit_runtime_reference,1,K5,E4,V2,modules/16_AI协作数字资产与团队交接/SAM-AI-001_AI是执行合作者不是最终决策者.md
SAM-AI-002,AI能降低哪些内容成本,16,sam-assets,explicit_runtime_reference,1,K5,E4,V2,modules/16_AI协作数字资产与团队交接/SAM-AI-002_AI能降低哪些内容成本.md
SAM-AI-003,AI为什么不能替代市场和用户判断,16,sam-assets,explicit_runtime_reference,1,K5,E4,V2,modules/16_AI协作数字资产与团队交接/SAM-AI-003_AI为什么不能替代市场和用户判断.md
SAM-AI-004,Brief怎样成为协作入口,16,sam-assets,explicit_runtime_reference,1,K5,E4,V2,modules/16_AI协作数字资产与团队交接/SAM-AI-004_Brief怎样成为协作入口.md
SAM-AI-005,Context怎样影响产出质量,16,sam-assets,explicit_runtime_reference,1,K5,E4,V2,modules/16_AI协作数字资产与团队交接/SAM-AI-005_Context怎样影响产出质量.md
SAM-AI-006,负反馈怎样变成规则资产,16,sam-assets,explicit_runtime_reference,1,K5,E4,V2,modules/16_AI协作数字资产与团队交接/SAM-AI-006_负反馈怎样变成规则资产.md
SAM-AI-007,从文件夹到可调用知识库,16,sam-assets,explicit_runtime_reference,1,K5,E4,V2,modules/16_AI协作数字资产与团队交接/SAM-AI-007_从文件夹到可调用知识库.md
SAM-AI-008,数字资产的最小结构,16,sam-assets,explicit_runtime_reference,1,K5,E4,V2,modules/16_AI协作数字资产与团队交接/SAM-AI-008_数字资产的最小结构.md
SAM-AI-009,Skill为什么需要原子库,16,sam-assets,explicit_runtime_reference,1,K5,E4,V2,modules/16_AI协作数字资产与团队交接/SAM-AI-009_Skill为什么需要原子库.md
SAM-AI-010,Agent怎样串联完整内容流程,16,sam-assets,explicit_runtime_reference,1,K5,E4,V2,modules/16_AI协作数字资产与团队交接/SAM-AI-010_Agent怎样串联完整内容流程.md
SAM-AI-011,人与AI的审批和回退点,16,sam-assets,explicit_runtime_reference,1,K5,E4,V2,modules/16_AI协作数字资产与团队交接/SAM-AI-011_人与AI的审批和回退点.md
SAM-AI-012,团队交接怎样保留判断能力,16,sam-assets,explicit_runtime_reference,1,K5,E4,V2,modules/16_AI协作数字资产与团队交接/SAM-AI-012_团队交接怎样保留判断能力.md
SAM-ACT-001,没有现实任务方法会变成认知消费,17,sam-assets,explicit_runtime_reference,1,K5,E4,V2,modules/17_行动学习与长期迭代/SAM-ACT-001_没有现实任务方法会变成认知消费.md
SAM-ACT-001,没有现实任务方法会变成认知消费,17,sam-project-diagnosis,module_scope_candidate,0,K5,E4,V2,modules/17_行动学习与长期迭代/SAM-ACT-001_没有现实任务方法会变成认知消费.md
SAM-ACT-002,知道与做到之间断在哪里,17,sam-assets,explicit_runtime_reference,2,K5,E4,V2,modules/17_行动学习与长期迭代/SAM-ACT-002_知道与做到之间断在哪里.md
SAM-ACT-002,知道与做到之间断在哪里,17,sam-project-diagnosis,module_scope_candidate,0,K5,E4,V2,modules/17_行动学习与长期迭代/SAM-ACT-002_知道与做到之间断在哪里.md
SAM-ACT-003,认知失调怎样影响项目判断,17,sam-assets,explicit_runtime_reference,1,K5,E4,V2,modules/17_行动学习与长期迭代/SAM-ACT-003_认知失调怎样影响项目判断.md
SAM-ACT-003,认知失调怎样影响项目判断,17,sam-project-diagnosis,module_scope_candidate,0,K5,E4,V2,modules/17_行动学习与长期迭代/SAM-ACT-003_认知失调怎样影响项目判断.md
SAM-ACT-004,身份保护怎样包装成方法选择,17,sam-assets,explicit_runtime_reference,1,K5,E4,V2,modules/17_行动学习与长期迭代/SAM-ACT-004_身份保护怎样包装成方法选择.md
SAM-ACT-004,身份保护怎样包装成方法选择,17,sam-project-diagnosis,module_scope_candidate,0,K5,E4,V2,modules/17_行动学习与长期迭代/SAM-ACT-004_身份保护怎样包装成方法选择.md
SAM-ACT-005,行动问题先检查路径不先归因意志,17,sam-assets,explicit_runtime_reference,2,K5,E4,V2,modules/17_行动学习与长期迭代/SAM-ACT-005_行动问题先检查路径不先归因意志.md
SAM-ACT-005,行动问题先检查路径不先归因意志,17,sam-project-diagnosis,module_scope_candidate,0,K5,E4,V2,modules/17_行动学习与长期迭代/SAM-ACT-005_行动问题先检查路径不先归因意志.md
SAM-ACT-006,最小动作怎样降低启动成本,17,sam-assets,explicit_runtime_reference,1,K5,E4,V2,modules/17_行动学习与长期迭代/SAM-ACT-006_最小动作怎样降低启动成本.md
SAM-ACT-006,最小动作怎样降低启动成本,17,sam-project-diagnosis,module_scope_candidate,0,K5,E4,V2,modules/17_行动学习与长期迭代/SAM-ACT-006_最小动作怎样降低启动成本.md
SAM-ACT-007,七天怎样获得第一次真实反馈,17,sam-assets,explicit_runtime_reference,1,K5,E4,V2,modules/17_行动学习与长期迭代/SAM-ACT-007_七天怎样获得第一次真实反馈.md
SAM-ACT-007,七天怎样获得第一次真实反馈,17,sam-project-diagnosis,module_scope_candidate,0,K5,E4,V2,modules/17_行动学习与长期迭代/SAM-ACT-007_七天怎样获得第一次真实反馈.md
SAM-ACT-008,失败怎样从情绪变成信息,17,sam-assets,explicit_runtime_reference,1,K5,E4,V2,modules/17_行动学习与长期迭代/SAM-ACT-008_失败怎样从情绪变成信息.md
SAM-ACT-008,失败怎样从情绪变成信息,17,sam-project-diagnosis,module_scope_candidate,0,K5,E4,V2,modules/17_行动学习与长期迭代/SAM-ACT-008_失败怎样从情绪变成信息.md
SAM-ACT-009,复盘怎样形成判断力,17,sam-assets,explicit_runtime_reference,1,K5,E4,V2,modules/17_行动学习与长期迭代/SAM-ACT-009_复盘怎样形成判断力.md
SAM-ACT-009,复盘怎样形成判断力,17,sam-project-diagnosis,module_scope_candidate,0,K5,E4,V2,modules/17_行动学习与长期迭代/SAM-ACT-009_复盘怎样形成判断力.md
SAM-ACT-010,学习怎样连接项目和作品,17,sam-assets,explicit_runtime_reference,1,K5,E4,V2,modules/17_行动学习与长期迭代/SAM-ACT-010_学习怎样连接项目和作品.md
SAM-ACT-010,学习怎样连接项目和作品,17,sam-project-diagnosis,module_scope_candidate,0,K5,E4,V2,modules/17_行动学习与长期迭代/SAM-ACT-010_学习怎样连接项目和作品.md
SAM-ACT-011,经验怎样进入数字资产,17,sam-assets,explicit_runtime_reference,1,K5,E4,V2,modules/17_行动学习与长期迭代/SAM-ACT-011_经验怎样进入数字资产.md
SAM-ACT-011,经验怎样进入数字资产,17,sam-project-diagnosis,module_scope_candidate,0,K5,E4,V2,modules/17_行动学习与长期迭代/SAM-ACT-011_经验怎样进入数字资产.md
SAM-ACT-012,长期迭代怎样避免反复重启,17,sam-assets,explicit_runtime_reference,1,K5,E4,V2,modules/17_行动学习与长期迭代/SAM-ACT-012_长期迭代怎样避免反复重启.md
SAM-ACT-012,长期迭代怎样避免反复重启,17,sam-project-diagnosis,module_scope_candidate,0,K5,E4,V2,modules/17_行动学习与长期迭代/SAM-ACT-012_长期迭代怎样避免反复重启.md
